id,title,category,date,kit,scale
post-0001,Churchill bridge layer Tank,military,2025-08-20,Matchbox,1/72
post-0002,Matilda Tank,military,2025-08-18,Scale: 1/35,1/35
post-0003,US Medium Tank M3,military,2025-08-12,Scale: 1/35,1/35
post-0004,Opel Blitz,car,2025-05-25,Revell,1/35
post-0005,Austin CWT 3 tons,car,2025-05-25,Airfix,1/35
post-0006,Aeritalia Macchi Embraer AMX,aircraft,2025-05-20,Trumpeter,1/48 3 Aerobrigata 'Buscaglia'
post-0007,Eurofighter Typhoon,aircraft,2025-05-16,Revell,1/32
post-0008,Pilatus PC6,aircraft,2025-05-13,Heller,1/48
post-0009,28cm Sturm Moerser on T38 D,military,2025-05-11,Amusing Hobby,1/35
post-0010,Lockheed P80 Shooting Star,aircraft,2025-05-08,Airfix,1/72
post-0011,Lockheed F104 S ASA,aircraft,2025-05-06,Revell Scale: 1/32,
post-0012,Fokker Dr. I,aircraft,2025-05-03,Revell,1/72
post-0013,Alexeyev I-215,aircraft,2025-05-01,Amodel,1/72
post-0014,Martin Baker MB6 Sky Ferret,aircraft,2025-04-29,AZ Models,1772
post-0015,"Hull of Panzerselbstfahrlafette für 12,8-cm-Kanone 40",military,2025-04-17,Trumpeter,1/35
post-0016,Special Air Service Jeep,military,2025-04-16,Revell,1/72
post-0017,M7 Gun Motor Carriage 105mm 'Priest',military,2025-04-16,Revell,1772
post-0018,Sturmgeschütz III with 105mm gun,military,2025-04-15,Revell,1/72
post-0019,Panzer II,military,2025-04-14,Revell,1/72
post-0020,SPAD XIII,aircraft,2025-04-12,Revell,1/72
post-0021,SPAD S.A. 2,aircraft,2025-04-10,Amodel,1/72
post-0022,Sturmgeschütz IV (Sd.Kfz. 167/ StuG IV),military,2025-03-27,Bandai,1/16
post-0023,German Panzerjager 39(H) mit 7.5cm Pak40/1 Marder,military,2025-03-26,Trumpeter,1/35
post-0024,Toyota bB,car,2025-03-26,Tamiya,1/24
post-0025,Ford Mustang,car,2025-03-26,Revell,1/12
post-0026,U Boot Type XXVII 'Seehund',ship,2025-03-25,Revell,1/72
post-0027,Ford Capri Group 5,car,2025-03-25,Tamiya,1/24
post-0028,Ford Capri Gr. 5,car,2025-03-25,Tamiya,1/24
post-0029,Porsche 911 GT1,car,2025-03-25,Tamiya,1/24
post-0030,T90 Tank,military,2025-03-25,Revell,1/72
post-0031,Alpine Renault A442B Turbo,car,2025-03-25,Tamiya,1/24
post-0032,Caterham Seven,car,2025-03-25,Tamiya,1/24
post-0033,Nissan Nismo GT-R Xanavi,car,2025-03-24,Tamiya,1/24
post-0034,DeHavilland DH2,aircraft,2025-03-24,Revell,1/72
post-0035,De Havilland Sea Venom FAW.22,aircraft,2025-03-23,Revell,1/32
post-0036,Ford Taurus Sock Car 'Valvoline',car,2025-03-23,AMT-Ertl,1/25
post-0037,JS3 Soviet Tank,military,2025-03-23,Zvezda,1/35
post-0038,Ice `T`,car,2025-03-23,Monogram,1/24
post-0039,Brabham BT46B,car,2025-03-23,Hasegawa,1/24
post-0040,Brabham BT49,car,2025-03-22,Hasegawa,1/24
post-0041,Brabham BT46 Launch event,car,2025-03-22,Hasegawa,1/24
post-0042,Lockheed P38 J-20-LO Lightning,aircraft,2025-03-22,Revell,1/32
post-0043,Cobra 427 cu. in.,car,2025-03-22,AMT,1/16
post-0044,Fictional Northrop B2,aircraft,2025-03-21,Revell,
post-0045,McDonnell Douglas AV-8B Harrier,aircraft,2025-03-21,Monogram,1/48
post-0046,Kawasaki Ki100,aircraft,2025-03-20,Arii,1/48
post-0047,Macchi MC200 Saetta,aircraft,2025-03-20,SMER,1/48
post-0048,Lockheed YF22,aircraft,2025-03-20,Revell,1/32
post-0049,Douglas A20 G Havoc,aircraft,2025-03-20,AMT/ERTL,1/48
post-0050,Lockheed C130 Hercules,aircraft,2025-03-19,Airfix,1/72
post-0051,Vought F7U-3M Cutlass,aircraft,2025-03-19,Fujimi,1/72
post-0052,British Main Battle Tank Challenger,military,2025-03-18,Revell,1/72
post-0053,Leclerc french main battle tank,military,2025-03-18,Revell,
post-0054,SAAB Gripen Twin Seat,aircraft,2025-03-17,Italeri,1/72
post-0055,SAAB Gripen Single Seater,aircraft,2025-03-17,Italeri,
post-0056,Iowa class battleship,ship,2025-03-16,unknown,unknown
post-0057,Hawker Siddley Harrier T2,aircraft,2025-03-16,Airfix,1/72
post-0058,Convair XFY-1 Pogo,aircraft,2025-03-16,KoPro,1/72
post-0059,Boeing SST,aircraft,2025-03-15,Revell,1/144
post-0060,Blohm und Voss Ae607,aircraft,2025-03-15,scratch built,1/32
post-0061,General Dynamics F16,aircraft,2025-03-14,Hobbycraft,1/48
post-0062,Lockheed C121 C Constellation,aircraft,2025-03-13,Revell,1/144
post-0063,Cessna 500 Citation I,aircraft,2025-03-12,Revell,
post-0064,ASK 21 glider,aircraft,2025-03-12,Revell,1/32
post-0065,Schempp-Hirth Duo Discus,aircraft,2025-03-12,Revell,1/32
post-0066,M12 gun motor carriage,military,2025-03-10,Matchbox,
post-0067,Alpine A310,car,2025-02-15,Revell,1/43
post-0068,Ilyushin Il40p,aircraft,2025-02-11,Amodel,1/72
post-0069,Mig 17,aircraft,2025-02-04,KP,1/72
post-0070,Blohm und Voss BV 155 V1,aircraft,2024-09-20,Airmodel vacform,1/72
post-0071,Dornier Do217 K1,aircraft,2024-09-20,Italeri,1/72
post-0072,Dornier Do217 N2,aircraft,2024-09-20,conversion from Airfix,1/72
post-0073,Messerschmitt P1101,aircraft,2024-09-20,Revell,1/72
post-0074,Messerschmitt Me163B,aircraft,2024-09-20,Airfix,1/72
post-0075,Lippisch P13b,aircraft,2024-09-20,scratchbuilt,1/72
post-0076,Junkers Ju188 A1,aircraft,2024-09-20,Italeri,1/72
post-0077,Skoda Kauba,aircraft,2024-09-20,resin,1/72
post-0078,Blohm&Voss P211,aircraft,2024-09-20,Special Hobby,1/72
post-0079,Lippisch P13a with turbojet power,aircraft,2024-09-20,sctratchbuilt,1/72
post-0080,Junkers Ju87 G,aircraft,2024-09-20,Revell,1/72
post-0081,Payen Pa22,aircraft,2024-09-20,resin,1/72
post-0082,Messerschmitt P1106,aircraft,2024-09-20,HUMA,1/72
post-0083,Messerschmitt Me109 H1,aircraft,2024-09-20,MPM,1/72
post-0084,Focke Wulf Ta154,aircraft,2024-09-20,Pioneer2,1/72
post-0085,Mcdonnell F101 Voodoo,aircraft,2024-09-20,Hasegawa,1/72
post-0086,Avia S199,aircraft,2024-09-20,KOPRO,1/72
post-0087,Focke Wulf FW190 A8 'Rammbock',aircraft,2024-09-20,"Airfix conversion to heavy assault fighter Jagdgeschwader 4, November 1944",1/72
post-0088,Northrop YF23 A,aircraft,2024-09-20,Italeeri,1/72
post-0089,Messerschmitt Me309,aircraft,2024-09-20,HUMA,1/72 #Me309
post-0090,Focke Wulf FW 190 A8 Torpedo Carrier,aircraft,2024-09-20,Revell,1/72
post-0091,Messerschmitt Me509,aircraft,2024-09-20,conversion from Huma,1/72
post-0092,Focke Wulf Ta154,aircraft,2024-09-20,Conversion from PM Models,1/72 #Ta154
post-0093,Reggiane Re 2002 'Ariete',aircraft,2024-09-20,Supermodel,1/72
post-0094,Heinkel He 100,aircraft,2024-09-20,MPM,1/72
post-0095,Dassault Mirage III Twin Seater,aircraft,2024-09-20,conversion from Airfix,1/72
post-0096,Arado Ar 96,aircraft,2024-09-19,KOPRO,1/72
post-0097,SAAB J-29 F Tunnan,aircraft,2024-09-19,Matchbox,1/72
post-0098,Focke-Wulf F 19 Ente,aircraft,2024-09-19,Airmodel vacform,1/72
post-0099,Arado Ar396,aircraft,2024-09-19,Airmodel vacform,1/72
post-0100,Gotha Go145,aircraft,2024-09-19,resin kit,1/72
post-0101,Messerschmitt Me 209,aircraft,2024-09-19,Airmodel vacform,1/72 #Me209
post-0102,Messerschmitt Me109 K4,aircraft,2024-09-19,Heller,1/72 #Me109K
post-0103,S.A.I Dardo,aircraft,2024-09-19,RS Models,1/72
post-0104,Heinkel He162 A1,aircraft,2024-09-19,FROG,1/72
post-0105,Focke Wulf FW190 D9,aircraft,2024-09-19,Airfix,1/72
post-0106,Heinkel He162 A,aircraft,2024-09-19,Dragon,1/72
post-0107,Junkers Ju388 K,aircraft,2024-09-19,Airmodel vacform,1/72
post-0108,Bristol Beaufighter,aircraft,2024-09-19,Revell,1/32
post-0109,Lockheed SR71,aircraft,2024-09-19,Italeri,1/48
post-0110,Citroen Xara WRC,car,2024-09-19,Revell,1/32
post-0111,Sukhoi Su35,aircraft,2024-09-19,Nakotone,1/72
post-0112,Subaru Impreza WRC,car,2024-09-19,Revell,1/32
post-0113,Focke Wulf Ta154 prototype,aircraft,2024-09-19,Revell,1/48
post-0114,Mil Mi 1,aircraft,2024-09-19,VK Models,1/72
post-0115,French VBL Armored Car,military,2024-09-19,Hobby Boss,1/35
post-0116,Mig 23,aircraft,2024-09-19,ESCI,1/48
post-0117,Sukhoi Su 12,aircraft,2024-09-19,KOPRO,1/72
post-0118,Blohm und Voss P212,aircraft,2024-09-19,Scratchbuilt,1/32
post-0119,North American F-86D Sabre Dog,aircraft,2024-09-19,Revell,1/48
post-0120,Focke Wulf Ta154 'Single Seater',aircraft,2024-09-18,Conversion from Revell,1/48
post-0121,Lockheed PV1 Ventura,aircraft,2024-09-18,PM,1/72
post-0122,Fairey Firefly,aircraft,2024-09-18,Airfix,1/72
post-0123,Bristol Beaufighter Mk.X,aircraft,2024-09-18,Matchbox,1/72
post-0124,Messerschmitt Me210,aircraft,2024-09-18,Revell,1/72
post-0125,Bristol Beaufighter TF X,aircraft,2024-09-18,Airfix,1/72
post-0126,25PDR Field Gun & Quad,military,2024-09-18,Airfix,1/72
post-0127,Fokker DVII,aircraft,2024-09-18,Scale: 1/48,1/48
post-0128,Aero MB200,aircraft,2024-09-18,KP,1/72
post-0129,Yamato,ship,2024-09-18,Revell,1/1200
post-0130,#1/1200 #Revell,ship,2024-09-18,Revell,1/1200
post-0131,Bloch MB 210,aircraft,2024-09-18,SMER,1/72
post-0132,Musashi,ship,2024-09-18,Revell,1/1200
post-0133,Aircraft Carrier Shinano,ship,2024-09-18,Revell,1/1200
post-0134,Kamov Ka-52 Alligator,aircraft,2024-09-18,Italeri,1/72
post-0135,"10,5-cm-Selbstfahrlafette IV a âDicker Maxâ",military,2024-09-18,Trumpeter,1/72
post-0136,"Panzerselbstfahrlafette für 12,8-cm-Kanone 40 'Sturer Emil'",military,2024-09-18,Trumpeter,1/72
post-0137,Sopwith Camel,aircraft,2024-09-18,Academy,1/32
post-0138,Bell XP77,aircraft,2024-09-18,Special Hobby,1/72
post-0139,Nieuport 17,aircraft,2024-09-18,Academy,1/48 #Nieuport17
post-0140,Mini Convertible,car,2024-09-18,Academy,1/24
post-0141,Mini Countryman WRC,car,2024-09-18,Airfix,1/32
post-0142,"Trinity House Lightship ""South Goodwin""",ship,2024-09-18,Revell #SouthGoodwin,1/144 #
post-0143,Calsonic Nissan Skyline R34,car,2024-09-18,Tamiya,1/24
post-0144,Ferrari F189 F1,car,2024-09-18,Tamiya,1/20
post-0145,M10 tank destroyer,military,2024-09-18,Scale: 1/72,1/72
post-0146,Red Bull Racing RB8,car,2024-09-18,Revell,1/24
post-0147,Mclaren 570S,car,2024-09-18,Revell,1/24
post-0148,Fiesler Fi156 Storch,aircraft,2024-09-18,Revell,1/32
post-0149,Kanonenjagdpanzer,military,2024-09-18,Revell,1/35
post-0150,Vandal,car,2024-09-18,Revell,1/24
post-0151,Ford Fiesta WRC,car,2024-09-18,Airfix,1/32
post-0152,90mm Gun Motor Carriage M36 Jackson,military,2024-09-18,Scale: 1/72,1/72
post-0153,Chevrolet Camaro SS,car,2024-09-18,Revell,1/24
post-0154,Williams FW-13B,car,2024-09-18,Tamiya,1/20
post-0155,Ferrari 'La Ferrari',car,2024-09-18,,1/24
post-0156,Kamov KA-50 Hokum,aircraft,2024-09-17,Italeri,1/48
post-0157,"Supermarine Spitfire Mk,XIV",aircraft,2024-09-17,Italeri,1/48
post-0158,Ford Thunderbird NASCAR,car,2024-09-17,Monogram,1/24
post-0159,Westland Wyvern,aircraft,2024-09-17,Trumpeter,1/48
post-0160,Matilda MkIII tanl,military,2024-09-17,Tamiya,1/35
post-0161,E 100 tank,military,2024-09-17,Trumpeter,1/35
post-0162,DeHavilland DH82 Tiger Moth,aircraft,2024-09-17,Revell,1/32
post-0163,Panzer I Ausf.F,military,2024-09-17,Ark,1/35
post-0164,Panzerkampfwagen II Ausf.J,military,2024-09-17,Ark,1/35
post-0165,McLaren Honda MP4/7,car,2024-09-17,Tamiya,1/20
post-0166,Ford Fusion NASCAR Stock Car,car,2024-09-17,Revell,
post-0167,"Panzerselbstfahrlafette für 12,8-cm-Kanone 40 'Sturer Emil'",military,2024-09-17,Trumpeter,1/35
post-0168,"8,8 cm PaK 43/1 auf Fgst. Pz.Kpfw. III/IV (SF) Sd.Kfz. 164 'Nashorn'",military,2024-09-16,Trumpeter,1/35
post-0169,Carro Armato C1 Ariete,military,2024-09-16,Trumpeter,1/35
post-0170,Spad XIII,aircraft,2024-09-16,Revell,1/28
post-0171,Curtiss SB2C-5 Helldiver,aircraft,2024-09-16,Rvell,1/48
post-0172,Williams FW 19,car,2024-09-16,Revell,1/24
post-0173,Lotus Ford 107B F1,car,2024-09-16,Tamiya,1/20
post-0174,Focke Wulf FW190 A8,aircraft,2024-09-16,Dragon,1/48
post-0175,Siemens Schuckert SSW DIII,aircraft,2024-09-16,Eduard,1/48
post-0176,Peugeot 405T16GR,car,2024-09-16,Tamiya,1/24
post-0177,Siemens Schuckert D III,aircraft,2024-09-16,KAE vacform,1/48
post-0178,Shelby Cobra 427,car,2024-09-16,AMT,1/16
post-0179,General Dynamics F16,aircraft,2024-09-16,Italeri,1/48
post-0180,Suchoj Su-25 UBK,aircraft,2024-09-16,Aero Team,1/48
post-0181,Suchoj Su-25 K,aircraft,2024-09-16,Aero Team,1/48
post-0182,Ford Focus WRC,car,2024-09-16,Tamiya,1/24
post-0183,Newman Haas Lola T93/00 Ford Havoline,car,2024-09-16,Tamiya,1/20
post-0184,Ford Focus Rallye WRC,car,2024-09-16,Tamiya,1/24
post-0185,Lancia 037,car,2024-09-16,Revell,1/72
post-0186,Mercedes CLK GTR,car,2024-09-16,Tamiya,1/24
post-0187,Peugeot 206 WRC,car,2024-09-16,Tamiya,1/24
post-0188,Douglas SBD-5E Dauntless,aircraft,2024-09-16,Matchbox,1/32
post-0189,Fairchild A10 Twin Seat,aircraft,2024-09-16,,1/72 #A10
post-0190,Volvo 850,car,2024-09-16,Tamiya,1/24
post-0191,Alfa Romeo 155 V6 TI,car,2024-09-16,Tamiya,1/24
post-0192,Toyota Cerumo EXIV JTCC,car,2024-09-16,Tamiya,1/24
post-0193,Grumman F3F-3,aircraft,2024-09-16,Revell,1/32
post-0194,Tyrrell 008,car,2024-09-16,Scale: 1/28,1/28
post-0195,Dodge Viper,car,2024-09-16,Revell,1/24 #DodgeViper
post-0196,Toyota Corolla WRC,car,2024-09-16,Tamiya,1/24
post-0197,Fiat 131 Abarth,car,2024-09-16,Revell,1/24
post-0198,Porsche 911 996 Carrera,car,2024-09-16,Tamiya,
post-0199,Aston Martin DBR9,car,2024-09-16,Airfix,1/32
post-0200,Isuzu Vehicross,car,2024-09-16,Tamiya,1(24
post-0201,Ferrari Testarossa,car,2024-09-16,,1/18
post-0202,McLaren Mercedes MP4-20,car,2024-09-16,Revell,1/24
post-0203,Vought Corsair F4U-4,aircraft,2024-09-16,Conversion from Revell,1/32
post-0204,Eurofighter Typhoon Twin Seater,aircraft,2024-09-16,Revell,1/72
post-0205,FIAT G91 Y,aircraft,2024-09-16,Matchbox,1/72
post-0206,Gloster Meteor NF 14,aircraft,2024-09-16,Matchbox,1/72
post-0207,Pontiac Firebird,car,2024-09-16,MPC,1/16
post-0208,Fokker DVII,aircraft,2024-09-16,New Ray,
post-0209,"Douglas/Northrop Gamma 2A ""Sky Chief""",aircraft,2024-09-16,Lines Bros,1/72 #NorthropGamma
post-0210,Mini Cooper,car,2024-09-16,Airfix,1/32
post-0211,Reynard 98i Honda Target Indycar,car,2024-09-16,Revell,1/24
post-0212,North American P51 B Mustang,aircraft,2024-09-16,Revell,1/32
post-0213,Panavia Tornado,aircraft,2024-09-16,Revell,1/72
post-0214,Audi A4 DTM,car,2024-09-16,Revell,1/24
post-0215,STRV 103 C,military,2024-09-16,Trumpeter,1/35
post-0216,Ferrari F2007,car,2024-09-15,Revell,1/24
post-0217,Messecrschmitt Me109 E,aircraft,2024-09-15,Airfix,1/24
post-0218,Grumman F6F-3 Hellcat,aircraft,2024-09-15,Hasegawa,1/32
post-0219,Subaru Impreza WRC 99,car,2024-09-15,Tamiya,1/24
post-0220,Ford GT90,car,2024-09-15,AMT,1/25
post-0221,M3 Lee tank,military,2024-09-15,New Ray,1/35
post-0222,U.S. Multiple Gun M16 Half-Track,military,2024-09-15,Tamiya,1/35
post-0223,M551 Sheridan Tank,military,2024-09-15,Tamiya,1/35
post-0224,Calsonic Nissan Skyline R34,car,2024-09-15,Tamiya,1/24
post-0225,Honda NSX Avex Group,car,2024-09-15,Tamiya,1/24
post-0226,Scammell Scarab,car,2024-09-15,Airfix,1/72 #Scammell #Scarab
post-0227,STRV 103 C tank,military,2024-09-15,Trumpeter,1/72
post-0228,Messerschmitt Me410,aircraft,2024-09-15,Revell,1/48
post-0229,Tupolev Tu-95 Bear D,aircraft,2024-09-15,Revell,1/144
post-0230,Grumman F4F-3 Wildcat,aircraft,2024-09-15,Revell,1/32
post-0231,Chevrolet Corvette C6-R,car,2024-09-15,Revell,1/24
post-0232,Nissan GT-R,car,2024-09-15,Tamiya,1/24
post-0233,Alfa Romeo GTV,car,2024-09-15,Tamiya,1/24
post-0234,Shelby Series 1,car,2024-09-15,Revell,1/25
post-0235,Grumman S2F-1 Tracker,aircraft,2024-09-15,Hobbycraft,1/72
post-0236,Lockheed P-2H Neptune,aircraft,2024-09-15,Hasegawa,1/72
post-0237,Focke-Achgelis Fa 223,aircraft,2024-09-15,Huma,
post-0238,Grumman F14 Tomcat,aircraft,2024-09-15,Heller,1/32
post-0239,Porsche 936/78,car,2024-09-15,Tamiya,1/24
post-0240,Peugeot 905,car,2024-09-15,Heller,1/43
post-0241,Peugeot 206 WRC,car,2024-09-15,Heller,1/43
post-0242,Jaguar XJR-9 LM,car,2024-09-15,Heller,1/43
post-0243,Sauber Mercedes C9,car,2024-09-15,Heller,1/43
post-0244,Yakovlev Yak 1,aircraft,2024-09-15,...,1/72
post-0245,Hawker Sea Fury T61 Iraq,aircraft,2024-09-14,PM Models,1/72
post-0246,"BMW M3 DTM 2012 ""Martin Tomczyk""",car,2024-09-14,Revell,1/24
post-0247,Jordan-Mugen AJ 10,car,2024-09-14,,1/24
post-0248,Renault RE30 F1,car,2024-09-14,Tamiya,1/20
post-0249,AMG Mercedes C Klasse Salzgitter,car,2024-09-14,Revell,1/24
post-0250,Tyrrell P34,car,2024-09-14,,1/20 #Tyrrell #P34
post-0251,Jaguar XJR-9 LM,car,2024-09-14,Tamiya,1/24
post-0252,Dassault Mirage III C,aircraft,2024-09-14,Revell,1/32
post-0253,SSN Typhoon submarine,ship,2024-09-14,Revell,1/400
post-0254,Messerschmitt Me262 modified,aircraft,2024-09-14,Conversion from Hasegawa,1/32
post-0255,Sukhoi S37 Berkut,aircraft,2024-09-14,Italeri,1/72
post-0256,Kamov Ka-58,aircraft,2024-09-14,Revell,1/72
post-0257,AUDI R10 TDI,car,2024-09-14,Revell,1/24
post-0258,Messerschmitt Me262 'Evo',aircraft,2024-09-14,conversion,1/72
post-0259,Ferrari F60,car,2024-09-14,Tamiya,1/20
post-0260,Avia B35,aircraft,2024-09-14,KOPRO,1/72
post-0261,IS-2 Soviet experimental fighter,aircraft,2024-09-14,Amodel,1/72
post-0262,Alfa Romeo 1933,car,2024-09-14,Airfix,1/32
post-0263,Lotus 79,car,2024-09-14,Tamiya,1/20
post-0264,Fokker DXXI,aircraft,2024-09-14,PM Model,1/72
post-0265,Breguet Atlantic,aircraft,2024-09-14,Revell,1/72
post-0266,Lotus Esprit,car,2024-09-14,Bandai,1/16
post-0267,Lotus STP Turbine Indy Car,car,2024-09-13,MPC,1/25
post-0268,Focke Wulf FW187 Falke,aircraft,2024-09-13,Karo-As,
post-0269,Vickers Wellesley Mk1,aircraft,2024-09-13,Matchbox,1/72
post-0270,PZL P-23 B Karas,aircraft,2024-09-13,Heller,1/72
post-0271,Westland Wessex HU-5,aircraft,2024-09-13,Matchbox,1/72
post-0272,NS Savannah,ship,2024-09-13,Revell,1/380
post-0273,Junkers F13,aircraft,2024-09-13,Revell,1/72
post-0274,Beechcraft C-45 Expeditor,aircraft,2024-09-13,PM Models,1/72
post-0275,Piper L4 Cub,aircraft,2024-09-13,SMER,1/48
post-0276,Noorduyn Norseman UC 64 A,aircraft,2024-09-13,Revell,1/48
post-0277,Mazda 787B,car,2024-09-13,Tamiya,1/24
post-0278,Junkers Ju88 G,aircraft,2024-09-13,Dragon,1/48
post-0279,FIAT BR20/M Cicogna,aircraft,2024-09-13,Italeri,1/72
post-0280,Beechcraft AT-11 Kansan,aircraft,2024-09-13,PM Models,1/72
post-0281,Toyota GT One TS020,car,2024-09-13,Tamiya,1/24
post-0282,Bugatti Type 35B,car,2024-09-13,Airfix,1/32
post-0283,Opel Astra V8 Coupe,car,2024-09-13,Tamiya,1/24
post-0284,Bristol 170 Superfreighter,aircraft,2024-09-13,Airfix,1/72
post-0285,Toyota Soarer 4.0 GT Limited,car,2024-09-13,Aoshima,1/24
post-0286,Surtees TS16/03 F1,car,2024-09-13,Matchbox,1/32
post-0287,Mclaren Mercedes MP4-25,car,2024-09-13,Revell,1/24
post-0288,Ferrari F1 2000,car,2024-09-13,Revell,1/24
post-0289,Mercedes Benz W 163,car,2024-09-13,Revival,1/20
post-0290,McLaren Mercedes MP4-20,car,2024-09-13,Revell,1/24
post-0291,Ferrari F10 (800th Ferrari F1 race),car,2024-09-13,Revell,1/24
post-0292,Porsche 936-78,car,2024-09-13,Tamiya,1/24
post-0293,Porsche 911 GT2 Taisan,car,2024-09-13,Tamiya,1/24
post-0294,Honda RC211V Repsol,motorcycle,2024-09-13,Italeri,1/6
post-0295,Dodge Sidewinder Show Truck,car,2024-09-13,Revell,1/24
post-0296,Renault R23 F1,car,2024-09-13,Revell,1/24
post-0297,BMW Sauber F1,car,2024-09-13,Revell,1/24
post-0298,Subaru Impreza WRC,car,2024-09-12,Heller,1/43
post-0299,Austin Healey Sprite,car,2024-09-12,Airfix,1/32
post-0300,Mitsubishi Lancer Evo 6,car,2024-09-12,Heller,1/43
post-0301,Ford Focus WRC,car,2024-09-12,Hornby,1/43
post-0302,Peugeot 205 Paris Dakar,car,2024-09-12,Heller,
post-0303,Ferrari F2005,car,2024-09-12,Revekk,1/24
post-0304,Peugeot 307 WRC,car,2024-09-12,Revell,1/32
post-0305,Lancia Delta S4,car,2024-09-12,Heller,1/43
post-0306,Citroen Xara WRC,car,2024-09-12,Heller,1/43
post-0307,Ducati Desmosedici,motorcycle,2024-09-12,New Ray,1/6
post-0308,Panasonic Toyota Racing TF102,car,2024-09-12,Revell,1/24
post-0309,Ferrari 126 C2,car,2024-09-12,Revell,1/12
post-0310,MV Agusta F4,motorcycle,2024-09-12,New Ray,1/12
post-0311,Ducati 999 F03,motorcycle,2024-09-12,New Ray,1/12
post-0312,Ford Mustang Probe Zakspeed GTP,car,2024-09-12,resin,1/43
post-0313,Yamaha YZR 500,motorcycle,2024-09-12,Heller,1/43
post-0314,Ducati Desmosedici,motorcycle,2024-09-12,Heller,1/43
post-0315,Honda NSR 500 Repsol,motorcycle,2024-09-12,Heller,1/43
post-0316,Honda NSR 500,motorcycle,2024-09-12,Heller,1/43
post-0317,Honda Nsr 500,motorcycle,2024-09-12,Heller,1/43
post-0318,Benetton F1,car,2024-09-12,Heller,1/43
post-0319,McLaren MP4,car,2024-09-12,Heller,1/43
post-0320,Citroen ZX Paris Dakar,car,2024-09-12,Heller,1/43
post-0321,4WD,car,2024-09-12,chinese,1/32
post-0322,Porsche Carrera Cabrio,car,2024-09-12,Revell,1/24
post-0323,Mini Cooper,car,2024-09-12,Revell,1/24
post-0324,Honda NSR 500,motorcycle,2024-09-12,Heller,1/43
post-0325,Hawker Typhoon,aircraft,2024-09-12,conversion from Revell,1/32
post-0326,Jordan 191,car,2024-09-12,Tamiya,1/20
post-0327,Northrop B2 bomber,aircraft,2024-09-12,Revell,1/144
post-0328,Mercedes Benz SLS AMG,car,2024-09-12,Revell,1/24
post-0329,Chevrolet SSR (Super Sport Roadster),car,2024-09-12,Revell,1/25 #Chevrolet #SSR
post-0330,"British Armored Scout Car ""Dingo"" Mk.II",military,2024-09-12,Tamiya,1/35
post-0331,Nissan R390 GT1,car,2024-09-12,Tamiya,1/24
post-0332,Volkswagen Touareg,car,2024-09-11,Revell,1/32
post-0333,Dome 0 RL LeMans,car,2024-09-11,Fujimi,1/24
post-0334,Ferrari 612 Scaglietti,car,2024-09-11,Revell,1/24
post-0335,Renault F1 2004,car,2024-09-11,Revell,1/24
post-0336,E50 tank,military,2024-09-11,Trumpeter,1/35
post-0337,T54A Model 1951,military,2024-09-11,,1/35
post-0338,Yamaha YZF-R,motorcycle,2024-09-11,Tamiya,1/12
post-0339,Albatross DV,aircraft,2024-09-11,Scale: 1/72,1/72
post-0340,Supermarine Spiteful,aircraft,2024-09-11,Trumpeter,1/48
post-0341,Fisher P-75A Eagle,aircraft,2024-09-11,Valom,1/72
post-0342,Grumman X-29A,aircraft,2024-09-11,Hasegawa,1/72
post-0343,BT 7A Tank,military,2024-09-11,Eastern xpress,1/35
post-0344,"12,8-cm-Selbstfahrlafette L/61 (Pz.Sfl. V) 'Sturer Emil'",military,2024-09-11,Trumpeter,1/72
post-0345,"10,5-cm-Selbstfahrlafette IV a âDicker Maxâ",military,2024-09-11,Trumpeter,1/72
post-0346,McLaren Honda MP4/5B,car,2024-09-11,Tamiya,1/20
post-0347,BMW M6 GT3,car,2024-09-11,NaNu,1/24
post-0348,B.A.C. Lightning F.6,aircraft,2024-09-11,Revell,1/72
post-0349,Gloster Javelin,aircraft,2024-09-11,MisterCraft,1/72
post-0350,Breguet 1050 Alize,aircraft,2024-09-11,Mach2,1/72
post-0351,De Havilland Sea Hornet NF 21,aircraft,2024-09-11,Trumpeter,1/48
post-0352,Stug E-100,military,2024-09-11,Trumpeter,1/35
post-0353,Krupp Ardelt Waffentraeger 88mm PAK-43,military,2024-09-11,Trumpeter,1/35
post-0354,Bell YFM-1B Airacuda,aircraft,2024-09-11,Valom,1/72
post-0355,Handley Page Jetstream,aircraft,2024-09-11,,1/72
post-0356,Nieuport 17,aircraft,2024-09-11,Academy,1/32
post-0357,SIAI-MARCHETTI SF-260 AM,aircraft,2024-09-11,Special Hobby,1/72
post-0358,North American P51 D Mustang,aircraft,2024-09-11,Airfix,1/72
post-0359,Sikorsky SH-3D Sea King,aircraft,2024-09-11,conversion from Airfix,1/72
post-0360,Lockheed F104 G,aircraft,2024-09-11,Airfix,1/72
post-0361,Lavochin .........LAGG 3,aircraft,2024-09-11,....TOKO,1/72
post-0362,Macchi MC 202 Folgore,aircraft,2024-09-11,FROG,1/72
post-0363,Iliushin Il 2,aircraft,2024-09-11,ZTS,1/72
post-0364,Lavochin La-5 FN,aircraft,2024-09-11,Italeri,1/72
post-0365,Fiat G50,aircraft,2024-09-10,Airfix,1/72
post-0366,Yak 15,aircraft,2024-09-10,Pioneer2,1/72
post-0367,Fiat G91 R,aircraft,2024-09-10,Airfix,1/72
post-0368,Mig 21 SMT,aircraft,2024-09-10,Matchbox,1/72
post-0369,Douglas F4D-1 Skyray,aircraft,2024-09-10,Airfix,1/72
post-0370,Grumman Hellcat,aircraft,2024-09-10,Airfix,1/72
post-0371,Britten Norman Islander,aircraft,2024-09-10,Airfix,1/72
post-0372,Avro Lancaster,aircraft,2024-09-10,Airfix,1/72
post-0373,Fiat G55 Silurante,aircraft,2024-09-10,Supermodel,1/72
post-0374,Macchi C200,aircraft,2024-09-10,Revell,
post-0375,Mitsubishi Dinah,aircraft,2024-09-10,Airfix,1/72
post-0376,Mitsubishi A6M Type Zero,aircraft,2024-09-10,Revell,1/72
post-0377,North American T6 Texan,aircraft,2024-09-10,Airfix,1/72
post-0378,Lockheed P38F Lightning,aircraft,2024-09-10,Airfix,1/72
post-0379,Bell P39 Aircobra,aircraft,2024-09-10,Airfix,1/72
post-0380,SAAB Viggen,aircraft,2024-09-10,Airfix,1/72
post-0381,BAC Jaguar,car,2024-09-10,Airfix,1/72
post-0382,Republic P47 D Thunderbolt,aircraft,2024-09-10,Airfix,1/72
post-0383,Curtiss P40q,aircraft,2024-09-10,conversion from Revell,
post-0384,Fiat G55,aircraft,2024-09-10,FROG,1/72
post-0385,BNW R69 motorcycle,motorcycle,2024-09-10,Airfix,1:10
post-0386,Nort American P51D Mustang,aircraft,2024-09-10,Airfix,1/72
post-0387,Vought F4U Corsair,aircraft,2024-09-10,Revell,1/72
post-0388,Saab Draken,aircraft,2024-09-10,Airfix,1/72
post-0389,North American F82 Twin Mustang,aircraft,2024-09-10,Monogram,1/72
post-0390,Armstrong Withworth Seahawk,aircraft,2024-09-10,Airfix,1/72
post-0391,Westland Welkin F Mk1,aircraft,2024-09-10,Hallam Vac,1/72
post-0392,Fairey Spearfish,aircraft,2024-09-10,Contrail vac-form,1/72
post-0393,De Havilland Hornet,aircraft,2024-09-10,FROG,1/72
post-0394,Supermarine Swift FR.5FL,aircraft,2024-09-10,Airfix,1/72
post-0395,Hawker Tempest,aircraft,2024-09-10,Revell,1/72
post-0396,Fairey Swordfish,aircraft,2024-09-10,Airfix,1/72
post-0397,Saunders-Roe S-R.53,aircraft,2024-09-10,Airfix,1/72
post-0398,Blackburn Firebrand TF Mk.II,aircraft,2024-09-10,Valom,!/72
post-0399,Bristol Blenheim,aircraft,2024-09-10,,1/72
post-0400,Bristol F2B Fighter,aircraft,2024-09-10,Airfix,1/72
post-0401,Westland Lysander,aircraft,2024-09-10,Airfix,1:72
post-0402,Sopwith Camel,aircraft,2024-09-10,Airfix,1/72
post-0403,Supermarine S.6B,aircraft,2024-09-10,Airfix,1/72
post-0404,Avro Anson I,aircraft,2024-09-10,Airfix,1/72
post-0405,Westland Wyvern,aircraft,2024-09-10,FROG,1/72
post-0406,Vickers Wellington,aircraft,2024-09-10,Airfix,1/72
post-0407,Royal Aircraft Factory S.E.5a,aircraft,2024-09-10,Revell,1/72
post-0408,Hawker Typhoon,aircraft,2024-09-10,Airfix,1/72
post-0409,Auster AOP VI,aircraft,2024-09-10,Airfix,1/72
post-0410,Hawker Hurricane,aircraft,2024-09-10,Airfix,1/72
post-0411,Messerschmitt Me109,aircraft,2024-09-10,Airfix,1/72
post-0412,Supermarine Spitfire,aircraft,2024-09-10,Airfix,1/72
post-0413,Fairchild C113,aircraft,2024-09-10,,
post-0414,Bristol Beaufighter TFX,aircraft,2024-09-10,Airfix,1/72
post-0415,Westland Whirlwind Helicopter HAS22,aircraft,2024-09-10,Airfix,1/72
post-0416,Hawker Hurricane,aircraft,2024-09-10,Revell,1/72
post-0417,Curtiss P40 E Kittyhawk,aircraft,2024-09-10,Airfix,1/72
post-0418,DeHavilland Mosquito NF Mk XVII,aircraft,2024-09-10,conversion from Airfix kit,1/72
post-0419,Gloster Gladiator,aircraft,2024-09-10,Airfix,1/72
post-0420,Bristol Bulldog,aircraft,2024-09-10,Airfix,1/72
post-0421,Hawker P1127,aircraft,2024-09-10,Airfix,1/72
post-0422,Commonwealth CA-13 Boomerang,aircraft,2024-09-10,Airfix,1/72
post-0423,Westland Whirlwind,aircraft,2024-09-10,Airfix,1/72
post-0424,Fiesler Fi156 Storch,aircraft,2024-09-10,Airfix,1/72
post-0425,Junkers D1,aircraft,2024-09-10,Roden,1/72
post-0426,Heinkel He177,aircraft,2024-09-09,Airfix,1/72
post-0427,Messerschmitt Me 163 B,aircraft,2024-09-09,Italeri,
post-0428,Arado Ar234 B,aircraft,2024-09-09,Lindberg,1/72
post-0429,Messeerschmitt Me 410,aircraft,2024-09-09,FROG,1/72
post-0430,Fokker Dr I,aircraft,2024-09-09,Airfix,1/72
post-0431,Fokker E V,aircraft,2024-09-09,Roden,
post-0432,Fokker D VII,aircraft,2024-09-09,Roden,1/72
post-0433,Focke Wulf FW200 Condor,aircraft,2024-09-09,Revell,1/72
post-0434,Blohm&Voss BV138,aircraft,2024-09-09,Supermodel,1/72
post-0435,Junkers Ju88,aircraft,2024-09-09,Airfix,1/72
post-0436,Arado Ar 196 A-2,aircraft,2024-09-09,Revell,1/72
post-0437,Messerschmitt Me262 A,aircraft,2024-09-09,Revell,1/72
post-0438,Focke Wulf Ta152H,aircraft,2024-09-09,Frog,1/72
post-0439,Henschel Hs123,aircraft,2024-09-09,Airfix,1/72
post-0440,Junkers D1,aircraft,2024-09-09,Roden,1/72
post-0441,Heinkel He219,aircraft,2024-09-09,Revell,1/72
post-0442,Heinkel He 11 H,aircraft,2024-09-09,Airfix,1/72
post-0443,Henschel Hs 132,aircraft,2024-09-09,Airfix,1/72
post-0444,Junkers Ju88 G6,aircraft,2024-09-09,conversion from Airfix,1/72
post-0445,Grumman Ov-1A Mohawk,aircraft,2024-09-09,Hasegawa,1/72
post-0446,Focke Wulf FW190 A8,aircraft,2024-09-09,Revell,1/72
post-0447,Focke Wulf FW190 D9,aircraft,2024-09-09,Airfix,1/72
post-0448,Junkers Ju87 B,aircraft,2024-09-09,Airfix,1/72
post-0449,Albatros DV,aircraft,2024-09-09,Airfix,1/72
post-0450,L.F.G. Roland C-11,aircraft,2024-09-09,Airfix,1/72
post-0451,Messerschmitt Me109 E,aircraft,2024-09-09,Revell,1/72
post-0452,Bachem Ba 349 Natter,aircraft,2024-09-09,Revell,1/48
post-0453,Grave Digger,car,2024-09-09,Revell,
post-0454,US M1A1 Abrams,military,2024-09-09,..,1/48
post-0455,Heinkel He162 D,aircraft,2024-09-09,conversion from ID models,1/32
post-0456,Lotus Europa,car,2024-09-09,Tamiya,1/24
post-0457,Lotus Europa,car,2024-09-09,Tamiya,1/24
post-0458,Mil Mi28 Havoc,aircraft,2024-09-09,Italeri,1/72
post-0459,Sukhoi Su 25 single seater,aircraft,2024-09-09,Contrail,
post-0460,Kamov Ka-34 Hokum,aircraft,2024-09-08,ESCI,1/72
post-0461,MIL Mi-24 Gunship,aircraft,2024-09-08,Monogram,1/48
post-0462,Petlyakov Pe2,aircraft,2024-09-08,Airfix,1/72
post-0463,North American OV-10A Bronco,aircraft,2024-09-08,conversion Airfix,1/72
post-0464,Junkers Ju87 B Stuka,aircraft,2024-09-08,Revell,1/32
post-0465,Lockheed U2 spyplane,aircraft,2024-09-08,conversion Academy,1/72
post-0466,MiG 29 Fulcrum,aircraft,2024-09-08,Hasegawa,1/72
post-0467,Porsche 908 LeMans,car,2024-09-08,Heller,1/24
post-0468,'Maus' super heavy tank,military,2024-09-08,Takom,1/144
post-0469,Sturmgeschütz III,military,2024-09-08,Airfix,1/72
post-0470,Sd.Kfz. 234 Armored Car,military,2024-09-08,Airfix,1/72
post-0471,Hot Rod,car,2024-09-08,Airfix,1/32
post-0472,Morris Cowley,car,2024-09-08,Airfix,1/32
post-0473,Landkreuzer Ratte,military,2024-09-08,Takom,1/144
post-0474,Messerschmitt Me110G,aircraft,2024-09-08,Revell,1/32
post-0475,88mm FLAK gunn and Tractor,military,2024-09-08,Airfix,1/72
post-0476,Ford F150,car,2024-09-08,Tamiya RC,1/10
post-0477,Honda NS 500 F.Spencer 1984,motorcycle,2024-09-08,Protar,1/12
post-0478,Paddy Wagon,car,2024-09-08,Monogram,1/25
post-0479,Concorde,aircraft,2024-09-08,Airfix,1/144
post-0480,Panzer IV,military,2024-09-08,...,....
post-0481,Dune Buggy,car,2024-09-08,Tamiya,
post-0482,Bismarck,ship,2024-09-08,Airfix,1/600
post-0483,Scharnhorst,ship,2024-09-08,Airfix,1/600
post-0484,Blue Devil Destroyer,ship,2024-09-08,Monogram,1/125
post-0485,Vought OS2U Kingfisher,aircraft,2024-09-08,AZ Models,1/72
post-0486,Rockwell B1-B,aircraft,2024-09-08,Monogram,1/72
post-0487,Leopard II A5,military,2024-09-07,...,1/48
post-0488,Sd.Kfz.131 Marder II,military,2024-09-07,Tamiya,1/35
post-0489,STRV 103 B tank,military,2024-09-07,Trumpeter,1/35
post-0490,150mm slG-33 Bison,military,2024-09-07,Modelist,1/35
post-0491,Lancia Stratos HF,car,2024-09-07,Union Models,1/24
post-0492,150mm slG-33 Bison,military,2024-09-07,Ark Model,1/35
post-0493,Grumman E2A Hawkeye,aircraft,2024-09-07,Fujimi,1/72
post-0494,CRDA CANT Z 1007 bis monoderiva,aircraft,2024-09-07,Supermodel,1/72
post-0495,PzKpfw V Panther Aisf F,military,2024-09-07,Hasegawa,
post-0496,PzKpfW IV (Schräg),military,2024-09-07,Conversion,1/72
post-0497,PzKpfw. IV Ausf.H,military,2024-09-07,Revell,1/72
post-0498,Panzer III M,military,2024-09-07,Revell,1/72
post-0499,Messerchmitt P1110,aircraft,2024-09-07,Scratchbuilt,1/48
post-0500,Cessna A37 A Dragonfly,aircraft,2024-09-07,Revell,1/48
post-0501,Avia S-199,aircraft,2024-09-07,Ventura,1/48
post-0502,Messerschmitt Me109 K,aircraft,2024-09-07,Fujimi,1/48
post-0503,Focke Wulf FW190 D9,aircraft,2024-09-07,Fujimi,1/48
post-0504,Messerschmitt Me 109 F,aircraft,2024-09-07,Airfix,1/48
post-0505,Messerschmitt Me 109 G,aircraft,2024-09-07,Monogram,1/48
post-0506,Kawanishi N1K1-J âShidenâ,aircraft,2024-09-07,Otaki,1/48
post-0507,Kyushu J7W Shinden,aircraft,2024-09-07,Otaki,1/48
post-0508,Mitsubishi J2M3 Raiden,aircraft,2024-09-07,Tamiya,1/48
post-0509,Kawasaki Ki 45 kai hei Toryu Nick,aircraft,2024-09-07,Nichimo,
post-0510,T72 tank,military,2024-09-07,Zhengdefu,1/48
post-0511,T90 tank,military,2024-09-07,,1/48
post-0512,Lockheed F-117A Stealth,aircraft,2024-09-07,Italeri,1/48
post-0513,Henschel Hs.129 B2/R2,aircraft,2024-09-07,ESCI,1/48
post-0514,LHX Stingbat stealth helicopter,aircraft,2024-09-07,Italeri,1/48
post-0515,T90 A tank,military,2024-09-07,Revell,1/72
post-0516,3cm Flakvierling 103/38,military,2024-09-07,Das Werk,1/35
post-0517,Douglas A1-H Skyraider,aircraft,2024-09-07,ESCI,1/48
post-0518,Geschuetzwagen IV fuer 10.5cm le.F.H. 18/1 (Sf) SD.Kfz 165/1),military,2024-09-07,Trumpeter,1/35
post-0519,Junkers Ju87 D,aircraft,2024-09-07,Monogram,1/48
post-0520,T72 B,military,2024-09-07,Zvezda,1/35
post-0521,T80 UD russian tank,military,2024-09-07,Revell,1/35
post-0522,Panzer IV H,military,2024-09-07,Italeri,1/35
post-0523,US M1A1 Abrams,military,2024-09-06,...chinese company,1/48
post-0524,Jagdpanzer IV (lang),military,2024-09-06,Tamiya,1/35
post-0525,Jagdpanzer V Jagdpanther Sd.Kfz. 173,military,2024-09-06,Tamiya,1/35
post-0526,Jagdtiger,military,2024-09-06,Tamiya,1/35
post-0527,Sturmgeschütz IV,military,2024-09-06,Italeri,1/35
post-0528,Sd.Kfz.234/4 Puma,military,2024-09-06,Italeri,1/35
post-0529,Panzerjäger Hetzer,military,2024-09-06,ESCI,1/72
post-0530,Tiger 1 Tanl,military,2024-09-06,Italeri,1/35
post-0531,Crusader Tank,military,2024-09-06,Italeri,1/35
post-0532,Jagdpanzer Elefant,military,2024-09-06,Nichimo,1/35
post-0533,Jagdpanzer 38(t) Hetzer,military,2024-09-06,Italeri,1/35
post-0534,20mm Quad FLAK gun,military,2024-09-06,Tamiya,1/35
post-0535,37mm FLAK gun,military,2024-09-06,Tamiya,1/35
post-0536,Panzer Mk 1,military,2024-09-06,Italeri,1/35
post-0537,Churchill Mk IV tank,military,2024-09-06,Storia dei Mezz Corazzati Fabbri Editore,1/35
post-0538,M4 Sherman tank,military,2024-09-06,Italeri,1/35
post-0539,Hotchkiss H39,military,2024-09-06,...,1/35
post-0540,Leopard II,military,2024-09-05,Italeri,1/35
post-0541,Leopard 1 a2,military,2024-09-05,Storia dei Mezzi Corazzati Fabbri editore,1/35
post-0542,M1 Abrams tank,military,2024-09-05,Italeri,1/35
post-0543,M 109 G SPG Howitzer,military,2024-09-05,Italeri,1/35
post-0544,Semovente M40 75/18,military,2024-09-05,Italeri,1/35
post-0545,Skoda PA II 'Turtle',military,2024-09-05,Takom,1/35
post-0546,Henschel SdKfz 250,military,2024-09-05,TBD,1/35
post-0547,Lockheed F117 (fake),aircraft,2024-09-05,Italeri,1/48
post-0548,MiG 37B Ferret E,aircraft,2024-09-05,Italeri,1/48
post-0549,AH-64 Apache,aircraft,2024-09-05,Italeri,1/72
post-0550,Bell AH1 G,aircraft,2024-09-05,Revell,1/72
post-0551,T80BV,military,2024-09-05,Revell,1/72
post-0552,HMVV,military,2024-09-05,Italeri,1/35
post-0553,HMVV,military,2024-09-05,Italeri,1/32
post-0554,JSU-152 tank destroyer,military,2024-09-05,Zvezda,1/35
post-0555,SU 100,military,2024-09-05,Italeri,1/35
post-0556,Liore et Olivier 451,aircraft,2024-09-05,SMER,1/72
post-0557,Sukhoi Su 27 Flanker,aircraft,2024-09-05,Revell,1/72
post-0558,Breguet Br.693,aircraft,2024-09-05,SMER,1/72
post-0559,Sikorsky UH-60 Blackhawk,aircraft,2024-09-05,Hasegawa,1/72
post-0560,Jagdpanzer IV,military,2024-09-05,Revell,1/72
post-0561,M24 Chaffee tank,military,2024-09-05,Matchbox,1/72
post-0562,M551 Sheridan Tank,military,2024-09-05,Airfix,1/72
post-0563,AMX 30-105,aircraft,2024-09-05,Revell,1/72
post-0564,Lockheed A-12,aircraft,2024-09-05,Revell,1/72
post-0565,Douglas A1J Skyraider,aircraft,2024-09-05,Airfix,1/72
post-0566,MiG 15 bis,aircraft,2024-09-05,Airfix,1/72
post-0567,Su-85 tank destroyer,military,2024-09-05,Tamiya,1/35
post-0568,Ford Mustang GT,car,2024-09-05,MPC,1/25
post-0569,Dodge Daytona Shelby Z,car,2024-09-05,MPC,1/24
post-0570,Chevrolet Montecarlo SS,car,2024-09-05,Monogram,1/24
post-0571,Northrop F5 E Freedom Fighter,aircraft,2024-09-05,Airfix,1/72
post-0572,SpäPz Luchs,military,2024-09-05,Revell,1/35
post-0573,ZiL 131 soviet truck,military,2024-09-05,Revell,1/35
post-0574,McDonnell Douglas A-4 Skyhawk,aircraft,2024-09-05,Airfix,1/72
post-0575,Dassault Mirage III C,aircraft,2024-09-05,Airfix,1/72
post-0576,Ling Temco Vought A7D Corsair,aircraft,2024-09-05,Airfix,1/72
post-0577,Lancia LC2 Martini,car,2024-09-05,Protar,1(24
post-0578,General Dynamics F-111,aircraft,2024-09-05,Airfix,1/72
post-0579,McDonnell F15 Eagle,aircraft,2024-09-05,Monogram,1/72
post-0580,McDonnel F4E Phantom,aircraft,2024-09-05,Airfix,1/72
post-0581,Douglas A 26B Invader,aircraft,2024-09-05,Aitfix,1/72
post-0582,Hawker Siddley Trident 1c,aircraft,2024-09-05,Airfix,1/144
post-0583,Tiger II tank,military,2024-09-05,.....,1/35
post-0584,Alpine A110 S 1600,car,2024-09-04,Heller,1/24
post-0585,Grumman A6 Intruder,aircraft,2024-09-04,Hasegawa,1/72
post-0586,Mitsubishi Ki-67 Yasukuni,aircraft,2024-09-04,LS,1/72
post-0587,DeHavilland Tiger Moth,aircraft,2024-09-04,Airfix,1/72
post-0588,Peugeot 905 Ev1 bis,car,2024-09-04,Heller,1/24
post-0589,Arado Ar234 night fighter,aircraft,2024-09-04,Revell,
post-0590,Junkers Ju86 R,aircraft,2024-09-04,conversion from Italeri,
post-0591,Supermarine Spiteful,aircraft,2024-09-04,conversion from Spitfire MkXIV Matchbox kit,1/32
post-0592,Fokker V8,aircraft,2024-09-04,conversion,1/48
post-0593,Fokker E IX,aircraft,2024-09-04,conversion,1/48
post-0594,Westland Lysander,aircraft,2024-09-04,Matchbox,1/32
post-0595,Tiger Porsche VK 45.01 (P),military,2024-09-04,Italeri,1/35
post-0596,Ford GT,car,2024-09-04,Revell,1/24
post-0597,Mercedes AMG GT,car,2024-09-04,Revell,1/24
post-0598,Ford Mustang GT,car,2024-09-04,Revell,1/25
post-0599,Chevrolet Corvette C7R,car,2024-09-04,Revell,1/25
post-0600,Dornier Do.28 D2,aircraft,2024-09-04,Matchbox,1/72
post-0601,Shorts Skyvan,aircraft,2024-09-04,Revell,1/72
post-0602,Dornier Do 228,aircraft,2024-09-04,Revell,1/72
post-0603,Lockheed PV1 Ventura,aircraft,2024-09-04,Revell,1/48
post-0604,Macchi Castoldi MC 72,aircraft,2024-09-04,SMER,1/48
post-0605,Faichild A10 Warthog,aircraft,2024-09-04,ESCI,1/48
post-0606,Focke Wulf FW190-D11,aircraft,2024-09-04,Revell,1/48
post-0607,Dornier Do335 'Pfeil',aircraft,2024-09-03,Monogram,1/48
post-0608,Macchi MC202 III Serie,aircraft,2024-09-03,Tauromodel,1/48
post-0609,Sukhoi Su21-F Flagon,aircraft,2024-09-03,Pioneer2,1/72
post-0610,Grumman Ov-1A Mohawk,aircraft,2024-09-03,Roden,1/48
post-0611,Bloch 174 A3,aircraft,2024-09-03,Heller,1/72
post-0612,Vought F8 Crusader,aircraft,2024-09-03,ESCI,1/48
post-0613,Volkswagen T2 Transporter,car,2024-09-03,Revell,1/24
post-0614,SIAI S79,aircraft,2024-09-03,Airfix,1/72
post-0615,Potez 540,aircraft,2024-09-03,Heller,1/72
post-0616,Dewoitine D 510,aircraft,2024-09-03,Heller,1/72
post-0617,Nieuport Delage NiD 622,aircraft,2024-09-03,Heller,1/72
post-0618,Curtiss SBC-4 Helldiver,aircraft,2024-09-03,Heller,1/72
post-0619,FIAT CR42,aircraft,2024-09-03,Revell,1/72
post-0620,Dewoitine D 510,aircraft,2024-09-03,SMER,1/72
post-0621,Heinkel He70 G1 Blitz,aircraft,2024-08-23,Revell,1/72
post-0622,Heinkel He 70 F2,aircraft,2024-08-23,Revell,1/72
post-0623,Heinkel He170,aircraft,2024-08-23,,1/72
post-0624,M3 White half-track and trailer,military,2024-08-22,Airfix,1/72
post-0625,Sikorsky MH-60L Blackhawk,aircraft,2024-08-22,Revell,1/48
post-0626,Sikorsky HH60D Nighthawk,aircraft,2024-08-22,Academy,1/48
post-0627,Convair F-102A Delta Dagger,aircraft,2024-08-22,Revell,1/48
post-0628,25 Pdr Field Gun & Quad Gun Tractor,military,2024-08-22,Tamiya,1/35
post-0629,Westland Wyvern,aircraft,2024-08-22,Trumpeter,1/48
post-0630,Dassault Rafale B,aircraft,2024-08-22,Revell,1/48
post-0631,Boeing B17 G fortress,aircraft,2024-08-22,Airfix,1/72
post-0632,Gloster G40 Whittle,aircraft,2024-08-22,Novo,1/72
post-0633,Douglas AC 47 Gunship,aircraft,2024-08-22,Airfix,1/72
post-0634,Douglas A1E Skyraider,aircraft,2024-08-22,Revell,1/72
post-0635,Consolidated B24 Liberator,aircraft,2024-08-22,Airfix,1/72
post-0636,Focke Wulf Ta154,aircraft,2024-08-22,ID Models vacform,1/32
post-0637,Russian Tank T62 A,military,2024-08-22,Tamiya,1/35
post-0638,Rutan Voyager,aircraft,2024-08-22,Amodel,1/72
post-0639,Grumman F14 A Tomcat,aircraft,2024-08-22,Italeri,1/72
post-0640,Eurofighter EFA,aircraft,2024-08-22,Italeri,1/72
post-0641,Boeing Vertol CH-46 Sea Knight,aircraft,2024-08-22,Airfix,1/72
post-0642,Ford Galaxie Skyliner,car,2024-08-22,Revell,1/25
post-0643,Lancia Stratos Turbo,car,2024-08-22,Tamiya,1/24
post-0644,Chevrolet Corvette C5-R,car,2024-08-22,Revell,1/24
post-0645,BMW 320i Gr.5 Jägermeister,car,2024-08-22,Tamiya,1/24
post-0646,Chevrolet Corvette C6,car,2024-08-22,Revell,1/24
post-0647,Porsche 935/78,car,2024-08-22,TBD,1/24
post-0648,Ferrari 312 T3 F1,car,2024-08-22,IMAI,1/20
post-0649,Lotus 49B,car,2024-08-22,Tamiya,
post-0650,Alfa Romeo 155 V6 TI Martini,car,2024-08-22,Tamiya,1/24
post-0651,ford Model T,car,2024-08-22,Airfix,1/32
post-0652,BMW Z4 GT3,car,2024-08-22,Fujimi,1/24
post-0653,Chevrolet Corvette C6,car,2024-08-22,Revell,1/24
post-0654,BMW 320i Citicorp,car,2024-08-22,Tamiya,1/24
post-0655,Republic F105 D Thunderchief,aircraft,2024-08-21,Monogram,1/48
post-0656,Republic F-105G Thunderchief Wild Weasel,aircraft,2024-08-21,Revell,1/72
post-0657,Bell P63A Kingcobra,aircraft,2024-08-21,MPM,1/72
post-0658,Morane Saulnier MS225,aircraft,2024-08-21,SMER,1/72
post-0659,Toyota Celica GT-Four,car,2024-08-21,Tamiya,1/24
post-0660,Fiat 500B Topolino,car,2024-08-21,Tamiya,1/35
post-0661,Wild Willy Jr.,car,2024-08-21,Tamiya,1/32
post-0662,Grumman F3F Wildcat,aircraft,2024-08-21,New Ray,1/72
post-0663,Consolidated PB4Y-2 Privateer,aircraft,2024-08-21,Revell,1/72
post-0664,Messerschmitt Me609,aircraft,2024-08-21,Trumpeter,1/48
post-0665,Sukhoi Su 22 M4,aircraft,2024-08-21,Minicraft,1/72
post-0666,Ferrari F2003 GA,car,2024-08-21,Revell,1/24
post-0667,Eurocopter EC-135,aircraft,2024-08-21,Revell,1/32
post-0668,McDonnell F/A18 F Super Hornet,aircraft,2024-08-21,Revell,1/48
post-0669,Ford GT LeMans,car,2024-08-21,Revell,1/24
post-0670,Ferrari California,car,2024-08-21,Tamiya,1/24
post-0671,Nakajima Saiun Night Fighter,aircraft,2024-08-21,Hasegawa,1/72
post-0672,Dornier Do 27,aircraft,2024-08-21,Revell,1/32
post-0673,Hispano Aviacion HA220 Super Saeta,aircraft,2024-08-21,Special Hobby,1/72
post-0674,Volkswagen 'New Beetle',car,2024-08-21,Tamiya,1/24
post-0675,Sherman tank 'Firefly',military,2024-08-21,Matchbox,1/72
post-0676,Grumman F9F-4 Panther,aircraft,2024-08-21,Revell,1/48
post-0677,Nakajima C6N Myrt,aircraft,2024-08-21,Fujimi,1/72
post-0678,"schwere Panzerjäger mit 8,8-cm-Pak L/71 auf Fgst. Panther (später „Jagdpanther“) (Sd.Kfz. 173)",military,2024-08-21,Revell,1/72
post-0679,Aichi D3 A1 Type 99 Bomber (Val),aircraft,2024-08-21,Revell,1/48
post-0680,Martin Baker MB5,aircraft,2024-08-21,Falcon,1/48
post-0681,Martin B26 Marauder,aircraft,2024-08-21,Monogram,1/48
post-0682,Hawker Tempest V,aircraft,2024-08-21,ESCI,1/48
post-0683,Eurocopter EC.135 ADAC,aircraft,2024-08-21,Revell,1/32
post-0684,U Boot UXXI,ship,2024-08-21,Revell,1/144
post-0685,Tank M24 Chaffee,military,2024-08-21,Matchbox,1/72
post-0686,Ford Fiesta RS,car,2024-08-21,Airfix,1/32
post-0687,Fairchild A10 Thunderbolt II,aircraft,2024-08-21,ESCI,1/48
post-0688,Curtiss P40 'Twin Engine',aircraft,2024-08-21,Conversion,
post-0689,Krupp Protze,military,2024-08-21,Matchbox,1/72
post-0690,Messerschmitt Me262 'Forward cockpit ' project,aircraft,2024-08-21,Conveersion,1/48
post-0691,Eurocopter Tiger,aircraft,2024-08-21,Revell,1/48
post-0692,A34 Comet British Tank,military,2024-08-21,Matchbox,1/72
post-0693,North American P51D Mustang,aircraft,2024-08-21,Fujimi,1/48
post-0694,Bell X5,aircraft,2024-08-21,Revell,1/40
post-0695,Mirege 2000,aircraft,2024-08-21,,1/48
post-0696,Messerschmitt P1101 Night Fighter,aircraft,2024-08-21,Revell,1/72
post-0697,Messerschmitt Me262 Three Seat Night Fighter,aircraft,2024-08-21,Special Hobby,1/72
post-0698,Junkers G38ce II,aircraft,2024-08-21,Revell,1/144
post-0699,Graf Zeppelin aircraft carrier,ship,2024-08-20,Revell,1/720
post-0700,V2 Missile and launch pad,military,2024-08-20,Revell,1/35
post-0701,Focke Wulf Ta154,aircraft,2024-08-20,PM Model,1/72
post-0702,Airbus A321,aircraft,2024-08-20,Revell,1/144
post-0703,Ekranoplan A-90,aircraft,2024-08-20,Revell,1/144
post-0704,Sukhoi S37 Berkut,aircraft,2024-08-20,Revell,1/144
post-0705,U-Boot Typ XXIII,ship,2024-08-20,ICM,
post-0706,Avro RJ-85,aircraft,2024-08-20,Revell,1:144
post-0707,Alpha Jet,aircraft,2024-08-20,Revell,1/144
post-0708,Gotha Go229 B,aircraft,2024-08-20,Pioneer 2,1/72
post-0709,Mikoyan Gurevich MiG 1.44 MFI,aircraft,2024-08-20,Revell,1/144
post-0710,Bombardier Challenger CL 604,aircraft,2024-08-20,Revell,1/144
post-0711,Nirthrop P61 Black Widow,aircraft,2024-08-20,Monogram,1/48
post-0712,Josef Stalin 3 tank,military,2024-08-20,Revell,1/72
post-0713,Tamiya Hotshot 4WS,car,2024-08-20,Tamiya,1/32
post-0714,Dornier Do217,aircraft,2024-08-20,Airfix,1/72
post-0715,North American T2C Buckeye,aircraft,2024-08-20,Matchbox,1/72
post-0716,Focke Wulf FW 189,aircraft,2024-08-20,Airfix,1/72
post-0717,MISTEL 5 He 162 A-2 & Arado E 377a,aircraft,2024-08-20,Revell,1/72
post-0718,Focke Wulf FW 56 Stösser,aircraft,2024-08-20,Heller,1/72
post-0719,Mazda RX7 Efini,car,2024-08-20,Models Owner Club,1/32
post-0720,Martin B-57G Tropic Moon III,aircraft,2024-08-20,Conversion,1/72
post-0721,Messerschmitt Me328,aircraft,2024-08-20,Airfix (part of Dornier Do 217 Mistel kit),1/72
post-0722,Henschel Hs 126 A-1,aircraft,2024-08-20,Revell,1/72
post-0723,Rockwell OV-1A Bronco,aircraft,2024-08-20,Revell,1/72
post-0724,Fiat CR42 Falco,aircraft,2024-08-20,SMER,1/40
post-0725,Sukhoi Su 2 R,aircraft,2024-08-20,ICM,1/72
post-0726,Messerschmitt Me 262A1a/U3,aircraft,2024-08-19,Revell,1/72
post-0727,Reggiane Re 2000 Falco,aircraft,2024-08-19,SMER,1/50
post-0728,Grumman F4F-3 Wildcat,aircraft,2024-08-19,Hobby Boss,1/72
post-0729,Grumman FF-1 Goblin,aircraft,2024-08-19,MPM,1/72
post-0730,Brewster F2A Buffalo,aircraft,2024-08-19,Revell,1/72
post-0731,Dornier Do 335 Pfeil,aircraft,2024-08-19,Monogram,1/48
post-0732,Fiat CR32 Freccia,aircraft,2024-08-19,SMER,1/48
post-0733,Messerschmitt Me P1099,aircraft,2024-08-19,: Revell,!/72
post-0734,De Havilland DH88 Comet racer,aircraft,2024-08-19,Airfix,1/72
post-0735,Nakajima Kikka,aircraft,2024-08-19,MPM,1/72
post-0736,Mitsubishi Mu2S,aircraft,2024-08-19,Hasegawa,
post-0737,Lockheed S3A Viking,aircraft,2024-08-19,ESCI,1/48
post-0738,lockheed F-35,aircraft,2024-08-19,Pony Models,1/48
post-0739,Lavochin L-5 FN,aircraft,2024-08-19,Italeri,
post-0740,McDonnell XF85 Goblin,aircraft,2024-08-19,MPM,1/72
post-0741,Antonov An-71 AWACS,aircraft,2024-08-19,Eastern Express,1/288
post-0742,GAZ 66 truck,military,2024-08-19,Revell,1/35
post-0743,Douglas DC3 Dakota,aircraft,2024-08-19,Airfix,1/72
post-0744,Northrop X4 Bantam,aircraft,2024-08-19,MPM,1/72
post-0745,Kamov Ka-34 Hokum,aircraft,2024-08-19,ESCI,1/72
post-0746,Agusta A 109 KM,aircraft,2024-08-19,Revell,1/72
post-0747,Republic P47 D Thunderbolt,aircraft,2024-08-19,Revell,1/72
post-0748,Eurocopter SA365 Dauphin 2,aircraft,2024-08-19,Revell,1/72
post-0749,MIL Mi-28 N Havoc,aircraft,2024-08-19,Revell,1/72
post-0750,Bell UH-1H Gunship,aircraft,2024-08-19,Revell,1/72
post-0751,Shin Meiwa PS-1,aircraft,2024-08-19,Hasegawa,1/72
post-0752,Bel P59A Airacomet,aircraft,2024-08-18,Special Hobby,1/72
post-0753,North American P51 'Mid Engine',aircraft,2024-08-18,Conversion from Revell kit,1/72
post-0754,Eurocopter EC-135,aircraft,2024-08-18,Revell,1/72
post-0755,Sikorsky RAH 166 Comanche,aircraft,2024-08-18,Italeri,1/72
post-0756,SdKfz 7/2 Mittlerer Zugkraftwagen 8t,military,2024-08-18,Revell,1/72
post-0757,Grumman J4F-1 Gosling,aircraft,2024-08-18,Airfix,1/72
post-0758,Brewster Buffalo F2A RAF,aircraft,2024-08-18,Matchbox,1/72
post-0759,North American P-51 B Mustang III,aircraft,2024-08-18,Revell,1/72
post-0760,North American P-51 B Mustang III,aircraft,2024-08-18,Revell,1/72
post-0761,General Dynamics F 16,aircraft,2024-08-18,EESCI,1/48
post-0762,Grumman F6-F Hellcat,aircraft,2024-08-18,Monogram,1/48
post-0763,Mcdonnel Douglas F/A 18 Hornet,aircraft,2024-08-18,ESCI,1/48
post-0764,Fiat G55,aircraft,2024-08-18,AMER,1/38
post-0765,Fiat G55,aircraft,2024-08-18,SMER,1/48
post-0766,IAI Kfir,aircraft,2024-08-18,ESCI,1/48
post-0767,North American F-86F Sabre,aircraft,2024-08-18,ESCI,1/48
post-0768,Henschel Hs 123,aircraft,2024-08-18,ESCI,1/48
post-0769,Heunkel He 162,aircraft,2024-08-18,Trimaster,1(48
post-0770,North American F4JB Fury,aircraft,2024-08-18,Matchbox,1/48
post-0771,Macchi MC 205 Veltro,aircraft,2024-08-18,Tauromodel,1/48
post-0772,Mikoyan Guryevic MiG 15 bis,aircraft,2024-08-18,Revell,1/48
post-0773,Mercedes Benz CLK,car,2024-08-18,Revell,1/32
post-0774,Mercedes Benz CLK,car,2024-08-18,Revell,1/32
post-0775,Opel Astra V8 Coupe,car,2024-08-18,Revell,1/32
post-0776,Porsche 935 Kremer Vaillant,car,2024-08-18,Tamiya,1/20
post-0777,Martini Porsche 935 Turbo,car,2024-08-18,Tamiya,1/20
post-0778,Lippisch P13a,aircraft,2024-08-18,scratchbuilt,1/32
post-0779,Focke Wulf FW190 A8,aircraft,2024-08-18,Otaki,1/48
post-0780,Messerschmitt Me109 K4,aircraft,2024-08-18,conversion from Revell,1/32
post-0781,Focke Wulf FW190 A8,aircraft,2024-08-18,Hasegawa,1/32
post-0782,Mercedes Unimog,car,2024-08-18,Tamiya,1/32
post-0783,Audi TT-R ABT,car,2024-08-18,Revell,1/32
post-0784,Messerschmitt Me163 B,aircraft,2024-08-18,Hasegawa,1/32
post-0785,Focke Wulf FW190-D9,aircraft,2024-08-18,Revell,1/32
post-0786,Messerschmitt Me262,aircraft,2024-08-18,Hasegawa,1/32
post-0787,Percival Mew Gull racing airplane,aircraft,2024-08-18,scratchbuilt by Franco Donati in balsa wood,1/48
post-0788,AUDI TT-R DTM,car,2024-08-18,Revell,1/32
post-0789,Lotus Honda 99T,car,2024-08-18,Tamiya,1/20
post-0790,Reed Baron hot rod,car,2024-08-18,Monogram,1/24
post-0791,Honda Beat,car,2024-08-18,Aoshima,1/24
post-0792,Chevrolet Corvette Sting Ray III concept car,car,2024-08-18,Revell,1/24
post-0793,Nissan 300ZX Fairlady,car,2024-08-18,Fujimi,1/24
post-0794,Porsche 944,car,2024-08-18,Italeri,1/24
post-0795,BMW Nazca by Italdesign,car,2024-08-18,Revell,1/24
post-0796,Ferrari Mythos,car,2024-08-18,Tamiya,1/24
post-0797,Mazda Miata,car,2024-08-18,Tamiya,1/24
post-0798,Mercedes C Klasse DTM,car,2024-08-18,Tamiya,1/24
post-0799,Mercedes Benz 190E 2.3 16 valves,car,2024-08-18,ESCI,1/24
post-0800,Dodge Stealth R/T,car,2024-08-18,AMT,1(24
post-0801,Pontiac Firebird Trans Am,car,2024-08-18,Monogram,1/24
post-0802,Pontiac Fiero,car,2024-08-18,MPC,1/24
post-0803,Opel Calibra V6 DTM,car,2024-08-18,Tamiya,
post-0804,Suzuki Cappuccino,car,2024-08-18,Aoshima,1/24
post-0805,Williams FW-07,car,2024-08-18,Tamiya,1/20
post-0806,Brabham BT50 Turbo,car,2024-08-18,Tamiya,1:20
post-0807,McLaren MP4/4,car,2024-08-18,Tamiya,1/20
post-0808,Leyton House CG901 B,car,2024-08-18,Tamiya,1/20
post-0809,M60 tank,military,2024-08-18,Unfortunately incomplete,1/25
post-0810,Panzerkampfwagen V Panther; Sd.Kfz. 171,military,2024-08-18,Tamiya,1/25
post-0811,Chevrolet Monte Carlo SS,car,2024-08-18,Monogram,1/24
post-0812,Ford Thunderbird Stock Car Coors,car,2024-08-18,Monogram,1/24
post-0813,Ford Mustang Mach III Show Car,car,2024-08-18,Revell,1/24
post-0814,Mrcedes-Benz SLK,car,2024-08-18,Tamiya,
post-0815,Porsche 956 Rothmans,car,2024-08-18,Protar,1/24
post-0816,âJagdpantherâ (Sd.Kfz. 173),military,2024-08-17,Academy,1/25
post-0817,Ferrari F1 2000,car,2024-08-17,Revell,1:24
post-0818,Chevrolet Beretta GT,car,2024-08-17,MPC,1/24
post-0819,Plymouth Prowler,car,2024-08-17,Revell,1724
post-0820,Ford New Thunderbird,car,2024-08-17,Revell,1/24
post-0821,Slot car bodies 1/32 scale:,car,2024-08-17,,
post-0822,1/32 slot car bodies:,car,2024-08-17,,
post-0823,Porsche 917 slot car body from Airfix kit,car,2024-08-17,,1/32
post-0824,Porsche 917 K,car,2024-08-17,Union,1/24
post-0825,Ford Taurus Exide,car,2024-08-17,Revell,1/25
post-0826,"Slot car body made with thin copper foil reinforced with epoxy resin, based on Porsche 936 initial prototype",car,2024-08-17,,
post-0827,Pontiac Grand Prix Interstate Batteries,car,2024-08-17,Revell,1/25
post-0828,Porsche 936-78,car,2024-08-17,conversion from Tamiya,1/24
post-0829,Chevrolet Monte Carlo,car,2024-08-17,Revell,1724
post-0830,Supermarine Spitfire,aircraft,2024-08-16,,
post-0831,Bell Hueycobra,aircraft,2024-08-16,Revell,1/32
post-0832,Douglas Skyrider,aircraft,2024-08-16,Airfix,1/72
post-0833,Ford Escort RS Cosworth Michelin Pilot,car,2024-08-16,Tamiya,1/24
post-0834,Mazda RX7 Efini,car,2024-08-16,Tamiya,1/24
post-0835,BMW M3 street version,car,2024-08-16,Fujimi,
post-0836,BMW M3 Group A,car,2024-08-16,Fujimi,
post-0837,Benetton Ford B188,car,2024-08-16,Tamiya,
post-0838,Benetton Ford B192,car,2024-08-16,Tamiya,1/20
post-0839,Jordan Peugeot F1,car,2024-08-16,Revell,1/24
post-0840,Ferrari Enzo,car,2024-08-16,Revell,1/24
post-0841,Toyota 88C-V Taka-Q,car,2024-08-16,Tamiya,1/24
post-0842,Alfa Romeo 154 Alfetta,car,2024-08-16,SMER,1/24
post-0843,Williams FW-07,car,2024-08-16,Tamiya,1/20
post-0844,KV1 tank,military,2024-08-16,Tamiya,1/35
post-0845,Ligier Ford JS-11 F1,car,2024-08-16,Tamiya,1/20
post-0846,Ferrari F50,car,2024-08-16,Tamiya,1/24
post-0847,Phoenix MAN Racing Truck,car,2024-08-16,Revell,1/24
post-0848,Supermarine Spitfire Mk1b,aircraft,2024-08-16,Airfix,1/24
post-0849,Wolf WR1 Ford,car,2024-08-16,Tamiya,1/72
post-0850,Lotus 72D driver Emerson Fittipaldi,car,2024-08-16,Tamiya,1/12
post-0851,Lotus 78,car,2024-08-16,Tamiya,1/12
post-0852,Hawker Hart,aircraft,2024-08-16,Airfix,1/72
post-0853,Northrop P61 Black Widow,aircraft,2024-08-16,Airfix,1/72
post-0854,Bristol Bulldog,aircraft,2024-08-16,Airfix,1/72
post-0855,Yamaha YZR500 OW70,motorcycle,2024-08-16,Tamiya,1/12
post-0856,Nieuport 17,aircraft,2024-08-16,revell,1/72
post-0857,Airco DH2,aircraft,2024-08-16,Revell,1/72
post-0858,Avro DH4,aircraft,2024-08-16,Airfix,1/72
post-0859,Royal Aircraft Factory R.E.8,aircraft,2024-08-16,Airfix,1/72
post-0860,Porsche 935,car,2024-08-16,Tamiya,1/12
post-0861,North American B25 Mitchell,aircraft,2024-08-16,Airfix,1/72
post-0862,North American A-5 Vigilante,aircraft,2024-08-16,Airfix,!/72
post-0863,Junkers Ju87 Stuka,aircraft,2024-08-16,Airfix,1/72
post-0864,Mikoyan Guryevic MiG 15,aircraft,2024-08-16,Airfix,1:/2
post-0865,Polikarpov I-16 type 18 âRataâ,aircraft,2024-08-16,Revell,1/72
post-0866,North American P51 D Mustang,aircraft,2024-08-16,,1/72
post-0867,Messerschmitt Me109 G,aircraft,2024-08-16,Airfix,1/72
post-0868,Fiat G91,aircraft,2024-08-16,Airfix,1/72
post-0869,Jakovlev Jak 1,aircraft,2024-08-16,Airfix,1/72
post-0870,Fiat CR42,aircraft,2024-08-16,Revell,1/72
post-0871,Fiat G50,aircraft,2024-08-16,Airfix,1/72
post-0872,Curtiss P36,aircraft,2024-08-16,Revell,1/72
post-0873,McDonnell F/A-18 E Super Hornet,aircraft,2024-08-16,Revell,1/72
post-0874,Tyrrell Ford P34 F1 1976,car,2024-08-16,Tamiya,1/12
post-0875,"Tyrrel 004 1971 F1 world champion, driver Jackie Stewart",car,2024-08-16,Tamiya,1/12
post-0876,USS Arleigh Burke,ship,2024-08-16,Revell,1/700
post-0877,USS Spruance,ship,2024-08-16,Revell,1/700
post-0878,USS O.H. Perry,ship,2024-08-16,Revell,1/700
post-0879,Ferrari 312T F1 driver Niki Lauda,car,2024-08-15,Tamiya,1/12
post-0880,Brabham BT44 driver: Carlos Pace,car,2024-08-15,Tamiya,
post-0881,McLaren M23 1973,car,2024-08-15,Tamiya,1/12
post-0882,Chevrolet Camaro IROC-Z,car,2024-08-15,Monogram,1/8
post-0883,Lockheed Martin F35,aircraft,2024-08-15,Italeri,1/72
post-0884,McDonnel Douglas F/A18,aircraft,2024-08-15,Italeri,1/72
post-0885,Vought F4U-4B Corsair,aircraft,2024-08-15,Italeri,1/72
post-0886,McDonnell Douglas A-4M Skyhawk,aircraft,2024-08-15,Italeri,1/72
post-0887,Vought Corsair modified,aircraft,2024-08-15,,1/72
post-0888,Boeing X 32 JSF,aircraft,2024-08-15,Italeri,1/72
post-0889,Grumman A6 E TRAM Intruder,aircraft,2024-08-15,Revell,
post-0890,McDonnell F18C,aircraft,2024-08-15,Italeri,
post-0891,IAI Kfir C-7,aircraft,2024-08-15,Italeri,1/72
post-0892,Goodyear F2G,aircraft,2024-08-15,Special Hobby,1/72
post-0893,Aichi M6A1- Kanzan,aircraft,2024-08-15,MPM,1/72
post-0894,Mitsibishi A7M Reppu 'Sam',aircraft,2024-08-15,MPM,1/72
post-0895,Yokosuka D4Y2 Mk12'Betty',aircraft,2024-08-15,LS,1/72
post-0896,Mitsubishi J2M3 'Jack',aircraft,2024-08-15,Hasegawa,1/72
post-0897,Nakajima Saiun C6N1,aircraft,2024-08-15,Fujimi,1:/2
post-0898,Nakajim Type 12 Tenzan 'Myrt',aircraft,2024-08-15,Fujimi,1/72
post-0899,Kawanishi N1K2-J Shiden-kai (George),aircraft,2024-08-15,Hasegawa,1/72
post-0900,Yokosuka D4Y2 Judy,aircraft,2024-08-15,LS,1/72
post-0901,Kawasaki Ki64 Rob,aircraft,2024-08-15,MPM,1/72
post-0902,Kawasaki Ki61,aircraft,2024-08-15,Revell,1/72
post-0903,Mitsubishi Ki-109 gun carrier,aircraft,2024-08-15,LS,1/72
post-0904,Gotha Go229,aircraft,2024-08-15,Airmodel vacform,1/72
post-0905,Gothe Go229,aircraft,2024-08-15,Revell,1/72
post-0906,Gotha Go 229 (horten IX),aircraft,2024-08-15,Pioneer 2,1/72
post-0907,Skoda D1,military,2024-08-15,KOPRO,1/72
post-0908,IAR 80 A,aircraft,2024-08-15,Amodel,1/72
post-0909,Shorts Tucano T.Mk.1,aircraft,2024-08-15,Premiere,1/72
post-0910,MiG 19 S,aircraft,2024-08-15,Kopro,1/72
post-0911,Aeo C3A (Siebel),aircraft,2024-08-15,KP,1/72
post-0912,Lavochin LAGG 3,aircraft,2024-08-15,Toko,1/72
post-0913,Mig 9,aircraft,2024-08-15,MPM,1/72
post-0914,Arado Ar240 A 02,aircraft,2024-08-15,Revell,1/72
post-0915,Kyushu Q1W1 Lorna,aircraft,2024-08-15,Pawla,1/72
post-0916,Saab J-21,aircraft,2024-08-15,Heller,1/72
post-0917,Arado Ar440,aircraft,2024-08-15,Revell (conversion),1/72
post-0918,General Dynamics F 16 C/D,aircraft,2024-08-15,Italeri,1/72
post-0919,Curtiss XP-55 Ascender,aircraft,2024-08-15,MPM,1/72
post-0920,Martin AM 1 Mauler,aircraft,2024-08-15,MPM,1/72
post-0921,Ryan XF2R-1 Darkshark,aircraft,2024-08-15,MPM,1/72
post-0922,Grumman F7F Tigercat,aircraft,2024-08-15,Revell (conversion),1/72
post-0923,Republic XP-47 H Thunderbolt,aircraft,2024-08-15,MPM,1/72
post-0924,Mcdonnell F2H-2 Banshee,aircraft,2024-08-15,Airfix,1/72
post-0925,BAC Strikemaster Mk84,aircraft,2024-08-15,Airfix,1/72
post-0926,Grumman F7F-3P Tigercat,aircraft,2024-08-15,Revell,1/72
post-0927,McDonnell FH-1 Phantom,aircraft,2024-08-15,MPM,1/72
post-0928,Consolidated Vultee Vegeance MkII,aircraft,2024-08-15,Revell,1/72
post-0929,Grumman F9F-5 Cougar,aircraft,2024-08-15,Matchbox (conversion),1/72
post-0930,Grumman F9F-5 Panther,aircraft,2024-08-15,Matchbox,1/72
post-0931,Fairey Gannett AS Mk 1,aircraft,2024-08-15,Revell,1/72
post-0932,Douglas F3D-2 Skyknight,aircraft,2024-08-15,Matchbox,1/72
post-0933,Grumman F8F Bearcat,aircraft,2024-08-15,Italeri,1/72
post-0934,Curtiss P40N Warhawk,aircraft,2024-08-14,Matchbox,1/72
post-0935,TBD,aircraft,2024-08-14,TBD,1/72
post-0936,Chevrolet Corvette 1985,car,2024-08-14,Monogram,1/8
post-0937,Blackburn Skua,aircraft,2024-08-14,Revell,1/72
post-0938,North American F100 C Super Sabre,aircraft,2024-08-14,PM Models,1/72
post-0939,Grumman TBF-1 Avenger,aircraft,2024-08-14,Academy,1/72
post-0940,Boeing P-26a Peashooter,aircraft,2024-08-14,Revell,1/72
post-0941,Grumman XF5F-1 Skyrocket,aircraft,2024-08-14,VK Models resin kit,1/72
post-0942,Cessna A37 A Dragonfly,aircraft,2024-08-14,Revell,1/48
post-0943,Cessna O2,aircraft,2024-08-14,Eidai,1/72
post-0944,Albatross D III,aircraft,2024-08-14,Revell,
post-0945,Fokker Dr1,aircraft,2024-08-14,Roden,
post-0946,Fokker Dr1 Werner Voss,aircraft,2024-08-14,Roden,
post-0947,Arado Ar234 C and E381 parasite fighter,aircraft,2024-08-14,Revell,1/72
post-0948,Arado Ar234 C with V1 bomb,aircraft,2024-08-14,,1/72
post-0949,Pontiac Firebird Trans Am model year 1985,car,2024-08-14,MPC,1/16
post-0950,Lippisch DM1,aircraft,2024-08-14,Airmodel,1/72
post-0951,Focke Wilf Triebflügel,aircraft,2024-08-14,Airmodel,
post-0952,Dornier Do335 B,aircraft,2024-08-14,Frog,
post-0953,Junkers EF128,aircraft,2024-08-14,balsa sctratchbuilt,1/72
post-0954,Supermarine Spiteful,aircraft,2024-08-14,conversion from Frog Spitfire MkXIV,1/72
post-0955,Blohm&Voss P-194,aircraft,2024-08-14,Revell,
post-0956,Messerschmitt Me163C,aircraft,2024-08-14,Airmodel,
post-0957,Blohm&Voss P211.02,aircraft,2024-08-14,Airmodel,1/72
post-0958,Focke Wulf Ta183,aircraft,2024-08-14,Airmodel vacform,1/72
post-0959,Henschel Hs132,aircraft,2024-08-14,Airmodel vacform,
post-0960,Messerschmitt Me262 B1a,aircraft,2024-08-14,Airfix,1/72
post-0961,Manned V2 project,military,2024-08-14,Special Hobby,1/72
post-0962,Messerscmitt Me110G night fighter,aircraft,2024-08-14,Airfix,1/72
post-0963,Focke Wulf 'Flitzer',aircraft,2024-08-14,,
post-0964,Heinkel He280 1/72 Huma,aircraft,2024-08-13,,
post-0965,Messerschmitt Me263 (aka Junkers Ju248) 1/72 Airmodel vacform,aircraft,2024-08-13,,
post-0966,Scratch built balsa model of a fictitious Luft46 jet fighter (dreamt),aircraft,2024-08-13,scratchbuilt,1/72
