post_id,title,italian_caption
post-0001,Churchill bridge layer Tank,"Piccolo kit molto simpatico, con il sistema di cavi del ponte funzionante."
post-0004,Opel Blitz,"Sebbene questo kit rifletta lo stile e l’immagine dei camion della ditta Donati degli anni Cinquanta e Sessanta, non è storicamente corretto per quanto riguarda il tipo di veicolo. L’Opel Blitz rappresentato nel modello non fece mai parte della flotta Donati. L’azienda, una delle principali distributrici di bevande a Ferrara in quel periodo, utilizzava invece una piccola ma solida serie di mezzi, tra cui due Fiat 615, uno a benzina e uno diesel, una Lancia Beta e un paio di motocarri a tre ruote.

Fondata da Agostino Donati e in seguito gestita come impresa familiare con i figli Nello e Franco, la ditta ebbe un ruolo importante nel rifornire di birra e bibite i bar e le osterie di Ferrara e della sua campagna. La livrea mostrata sul modello, tuttavia, coglie bene l’essenza dell’immagine aziendale negli anni migliori: una presenza familiare sulle polverose strade provinciali e un piccolo omaggio a un’attività familiare concreta e operosa, che per decenni contribuì a dissetare la regione."
post-0007,Eurofighter Typhoon,"In colori RAF, kit enorme; manca ancora un po’ di invecchiamento."
post-0008,Pilatus PC6,Kit interessante di questo aereo dall’aspetto insolito e potente.
post-0009,28cm Sturm Moerser on T38 D,Interessante kit “what if” di un mortaio pesante montato sullo scafo leggero dello Skoda 38T. Ho provato a riprodurre diversi stili di mimetica. Il modello chiede a gran voce un po’ di invecchiamento.
post-0015,"Hull of Panzerselbstfahrlafette für 12,8-cm-Kanone 40","Rappresenta lo scafo dello Sturer Emil in costruzione, dato che ho usato il cannone per un altro progetto, cioè il 12.8 Waffenträger auf Pz IV da World of Tanks."
post-0017,M7 Gun Motor Carriage 105mm 'Priest',Mimetica ispirata a World of Tanks.
post-0018,Sturmgeschütz III with 105mm gun,"Un ex kit Matchbox, con graziosi elementi di diorama."
post-0019,Panzer II,Un kit Matchbox che includeva intelligentemente alcuni elementi base di diorama: una bellissima idea che aggiungeva fascino al set.
post-0021,SPAD S.A. 2,"Kit simpatico di un aeroplano insolito. Ai tempi in cui non esisteva ancora un sincronizzatore per la mitragliatrice, una soluzione poteva essere mettere un poveraccio DAVANTI all’elica, permettendogli di mitragliare lo spazio aereo attorno con una certa libertà: assolutamente preposterous, non trovate?"
post-0022,Sturmgeschütz IV (Sd.Kfz. 167/ StuG IV),"All’epoca, nel 1976, era un kit sorprendente, uno dei primi carri in grande scala. Lo realizzai radiocomandato: affascinante."
post-0035,De Havilland Sea Venom FAW.22,"894 NAS FAA, HMS Albion, 1960. Ex kit Matchbox; la livrea della crisi di Suez è sempre molto attraente, soggetto interessante e di dimensioni piuttosto imponenti."
post-0038,Ice `T`,Splendido design da funny car di Tom Daniel.
post-0039,Brabham BT46B,"Fan car, GP di Svezia F1 ad Anderstorp, 17 giugno 1978: prima gara, prima vittoria, poi bandita."
post-0042,Lockheed P38 J-20-LO Lightning,"Arkansas Traveller, pilota Lt. Owen Fincher, 392 FS, 367 FG, Jovincourt 1945. Anche in questo caso un kit enorme e impressionante; dovrei decisamente dedicargli un po’ più di lavoro."
post-0043,Cobra 427 cu. in.,"Signore e signori, ecco uno dei miei kit preferiti: linee dell’auto bellissime, dimensioni del modello perfette, né troppo grande né troppo piccolo."
post-0044,Fictional Northrop B2,"Il kit arrivò sul mercato in un periodo in cui i dati sul B-2 erano ancora un sogno lontano, rendendolo una creazione del tutto immaginaria — se non addirittura un po’ strampalata. Proprio per questo è interessante."
post-0048,Lockheed YF22,Kit enorme e impressionante!!
post-0049,Douglas A20 G Havoc,"T= 389 Bomber Squadron, 312 Bomber Group, South East Pacific. Bel soggetto in questa scala; bel video proprio su questo aereo: https://www.google.com"
post-0050,Lockheed C130 Hercules,"Il kit riproduceva originariamente la versione britannica, includendo Land Rover e missile Bloodhound, ma io preferivo la mimetica Vietnam. È appena assemblato e richiederà ancora parecchio lavoro."
post-0052,British Main Battle Tank Challenger,"KFOR King's Royal Hussars, Kosovo, giugno 1999. Anche in questo caso, un piccolo kit molto grazioso."
post-0053,Leclerc french main battle tank,"KFOR 6974 0006 Petitmont, giugno 1999, Kosovo Peacekeeping - Kosovska Mitrovica, XK. Un piccolo kit molto grazioso."
post-0056,Iowa class battleship,"Vecchio kit dell’Estremo Oriente, motorizzato, sia a scafo intero sia waterline."
post-0057,Hawker Siddley Harrier T2,"Variante insolita, kit di seconda mano; ho dovuto termoformare il tettuccio."
post-0059,Boeing SST,"Splendido vecchio kit Revell che contiene l’SST sia in configurazione di crociera sia in configurazione di decollo e atterraggio: un’idea superba. L’ala a geometria variabile applicata a un aereo di linea era davvero qualcosa di speciale.

In più, guardiamo con nostalgia alla vecchia livrea Pan Am, ormai scomparsa, che un tempo era quasi sinonimo stesso di viaggio aereo."
post-0064,ASK 21 glider,"Segelflugschule Zürich, 1988. Un altro bel kit Revell di aliante; la livrea svizzera è piuttosto elegante."
post-0065,Schempp-Hirth Duo Discus,"Segelfluggruppe Bern. Kit insolito e di dimensioni notevoli in questa scala, con un’apertura alare del modello di 62 cm, dedicato a un aliante ad alte prestazioni."
post-0066,M12 gun motor carriage,Bel kit minuscolo; questo semovente M12 si può giocare in World of Tanks ed è piuttosto valido.
post-0092,Focke Wulf Ta154,"Volevo vedere che aspetto avrebbe avuto un Ta154 ad ala bassa, per migliorare la visibilità del pilota. Deve però essere un tail-sitter, altrimenti la lunghezza del carrello anteriore sarebbe eccessiva. In ogni caso, con tutto il rispetto per il professor Tank, il Mosquito resta insuperato. #1/72 #conversion"
post-0119,North American F-86D Sabre Dog,"1st Fighter Group, 94th Fighter Interceptor Squadron, Selfridge, Michigan, 1959."
post-0149,Kanonenjagdpanzer,Maggiori informazioni sul kit: https://kitchecker.com/reviews_2019_1/revell_03276.htm
post-0153,Chevrolet Camaro SS,Model year 2010. Attraente aspetto rétro.
post-0174,Focke Wulf FW190 A8,Faceva parte del kit “Mistel”.
post-0178,Shelby Cobra 427,Bel kit.
post-0189,Fairchild A10 Twin Seat,Uccello raro: ne fu costruito uno solo. Maggiori informazioni: https://theaviationgeekclub.com/the-story-of-the-ya-10b-formerly-night-adverse-weather-a-10-the-only-the-only-two-seat-warthog-ever-built/
post-0193,Grumman F3F-3,"VF-5, 1938, USS Yorktown. Kit intrigante, con carrello retrattile funzionante. Bellissima livrea prebellica."
post-0201,Ferrari Testarossa,Kit in metallo.
post-0206,Gloster Meteor NF 14,"264 Sqn, Linton-on-Ouse, Regno Unito, 1957. Bel kit con tettucci e radome opzionali."
post-0217,Messecrschmitt Me109 E,"Pilotato da Helmut Wick, Geschwaderkommodore del JG2 “Richthofen”. Secondo kit della mitica serie Airfix in scala 1/24."
post-0226,Scammell Scarab,"Lo Scammell Scarab era un “cavallo meccanico” britannico a tre ruote, usato soprattutto per trasporti leggeri in città dagli anni Quaranta agli anni Sessanta. Spesso trainava rimorchi come quello di questo modello, con merci come barili e altri carichi. Maggiori informazioni: https://www.youtube.com/watch?v=GkwEfeE6GGs&ab_channel=ClassicVehicleChannel. Uno dei primi kit che ricordo."
post-0237,Focke-Achgelis Fa 223,Elicottero operativo nella Seconda guerra mondiale. Kit delicato.
post-0252,Dassault Mirage III C,Bel kit in questa grande scala.
post-0259,Ferrari F60,Corse nel 2009; per maggiori informazioni: https://www.wixy500.com/build-diary-2009-ferrari-f60-tamiya-120-scale/
post-0262,Alfa Romeo 1933,Piccolo kit grazioso.
post-0276,Noorduyn Norseman UC 64 A,"320 Transport Squadron, 27 Transport Group, 35389 “Stella Mac” (SPLM C.S. Webster/FYC M.E. Janus), 1945, Le Bourget. Il kit forniva anche i galleggianti."
post-0284,Bristol 170 Superfreighter,"Il mio primo ricordo di un kit, ma purtroppo con il primo esemplare ci giocai e lo distrussi."
post-0285,Toyota Soarer 4.0 GT Limited,Model year 1991.
post-0294,Honda RC211V Repsol,"Grande moto vincente, kit enorme e davvero impressionante."
post-0310,MV Agusta F4,Amazing moto e bel kit.
post-0311,Ducati 999 F03,"Livrea Nice assembled metal modello, beautiful."
post-0324,Honda NSR 500,"Valentino Rossi 2001.
Piccolo kit grazioso."
post-0332,Volkswagen Touareg,"Vincitrice Kleinschmidt-Pons. Paris-Dakar 2001.
Snap-on kit. very colorata."
post-0333,Dome 0 RL LeMans,"Corse una Le Mans nel 1979 Info: https://www.autothrottle.com/post/rzokmkm/.
Purtroppo nella scatola del kit mancavano le decals."
post-0339,Albatross DV,Piccolo kit grazioso devo controllare il company.
post-0350,Breguet 1050 Alize,"Buffa forma, insolito kit soggetto."
post-0357,SIAI-MARCHETTI SF-260 AM,"Bella aereo linee, reproduced by una grazioso minuscolo piccolo kit."
post-0368,Mig 21 SMT,"Dorsal fairing added, unfortunately ancora senza decals."
post-0385,BNW R69 motorcycle,Much hopes on il kit but somewhat disappointed due unal difficulty di reproducing cromo e alluminio una quell’epoca.
post-0389,North American F82 Twin Mustang,"Piuttosto una intrigante aereo, thanks Paolo per il kit."
post-0392,Fairey Spearfish,"notevole dimensioni per una single motore aereo, kit trovato nel UK."
post-0393,De Havilland Hornet,"Superfast successore del Mosquito.
I still remember il excessive thickness del modello's vertical piano di coda."
post-0403,Supermarine S.6B,Primo aereo a superare 400mph. Il kit fu pubblicato nel 1957 e costruito più o meno in quel periodo.
post-0405,Westland Wyvern,"No. 830 NAS WN325 1956 Crisi di Suez - HMS Eagle Egypt.
Livrea Nice aircraft shape e."
post-0412,Supermarine Spitfire,"Sì, è proprio lui! Il primissimo kit Airfix di aereo in tutto il suo splendore.
Modello di Franco Donati."
post-0413,Fairchild C113,"Possibly e old small scala giapponese kit.
Modello di Franco Donati."
post-0418,DeHavilland Mosquito NF Mk XVII,Conversione del kit Airfix by adding una new radome.
post-0421,Hawker P1127,"Primo modello bought by me at 'Modellolismo e Pesca'.
Modello costruito in cooperation con Franco Donati."
post-0428,Arado Ar234 B,Insolito kit soggetto in those old tims.
post-0433,Focke Wulf FW200 Condor,bel kit per l’epoca.
post-0443,Henschel Hs 132,"Primo kit comprato, at 'La Gioia dei Bimbi'.
Il 75mm cannon looks disproportionate."
post-0452,Bachem Ba 349 Natter,Bel kit complete con detailed launching tower.
post-0453,Grave Digger,Easy but colorata e grazioso snap-on kit.
post-0454,US M1A1 Abrams,Kit motorizzato.
post-0458,Mil Mi28 Havoc,Il kit fu based on leaked spy photos e il modello forma fu updatd (added radome etc).
post-0460,Kamov Ka-34 Hokum,"Twin seat versione, il modello fu still based on speculations e spy photos."
post-0464,Junkers Ju87 B Stuka,"Also in questo case, una notevole kit in questa scala."
post-0467,Porsche 908 LeMans,"Old heller kit, bello memories in primo dealing con aerodynamic shapes."
post-0468,'Maus' super heavy tank,These two modellos erano included nel Landkreuzer 'Ratte' modello kit.
post-0471,Hot Rod,"Modello costruito da Franco Donati, old Airfix kit."
post-0474,Messerschmitt Me110G,Insolito kit per l’epoca in questo grande scala.
post-0475,88mm FLAK gunn and Tractor,Intricate e detailed kit per l’epoca.
post-0478,Paddy Wagon,Lolvey kit di una glamorous buffa auto by Tom Daniel.
post-0480,Panzer IV,old motorized autoro kit da una giapponese company.
post-0481,Dune Buggy,"Lovely kit in una insolito scala; pre-painted body, funzionante torsion bar suspensions."
post-0484,Blue Devil Destroyer,"USS Melvin (DD-680), Fletcher class destroyer US Navy.
Enorme kit, can be used per radio control."
post-0496,PzKpfW IV (Schräg),I wanted una check how una Pz IV con sloped armor would look like.
post-0501,Avia S-199,Ultimo sviluppo del Me 109 con motore Junkers Jumo 211F. Prima della consegna alla IAF. Kit in plastica short-run.
post-0503,Focke Wulf FW190 D9,Old Fujimi kit con motorized elica.
post-0509,Kawasaki Ki 45 kai hei Toryu Nick,"Livrea Very nice subject e kit, I like il colorful."
post-0511,T90 tank,Kit motorizzato.
post-0513,Henschel Hs.129 B2/R2,"10(Pz.) StuKa Geschwader 9.
ESCI a quell’epoca aveva davvero una notevole gamma di kit in scala 1/48."
post-0516,3cm Flakvierling 103/38,"Fictitios modello, il kit fu una bit flimsy (i will fix il barrel alignment)."
post-0518,Geschuetzwagen IV fuer 10.5cm le.F.H. 18/1 (Sf) SD.Kfz 165/1),"Very original kit, sorry per il foto da rifare."
post-0519,Junkers Ju87 D,"Night attack versione, bello aerodynamic refinement del original StuKa concetto even though il fixed autorello still limited its performance."
post-0532,Jagdpanzer Elefant,Kit motorizzato.
post-0535,37mm FLAK gun,Piccolo kit grazioso much detailed.
post-0539,Hotchkiss H39,"Grazioso insolito piccolo kit, insolito con those grande rockets added."
post-0551,T80BV,Bel kit con all il minuscolo ERA bricks una place.
post-0557,Sukhoi Su 27 Flanker,Primo kit Revell still based on spy photos.
post-0561,M24 Chaffee tank,Matchbox had una great idea by including una small diorama base con il kit.
post-0564,Lockheed A-12,"Primo figther versione, lo will later become il SR71 recon versione. Vecchio kit Revell."
post-0572,SpäPz Luchs,"3 Komp 7 PzAufklBtl Augustdorf 1989.
Very detailed suspension provided by il kit."
post-0579,McDonnell F15 Eagle,"Very early kit Monogram appeared when no official livrea fu established yet, radome made openable."
post-0583,Tiger II tank,"Questo fu una motorired giapponese autoro kit comprato long time ago, I will research per further details."
post-0587,DeHavilland Tiger Moth,"Il vecchio kit Airfix, modello by Franco Donati."
post-0590,Junkers Ju86 R,"Extreme high altitude reconnaissance-bombardiere, conversione done when no kit existed yet."
post-0591,Supermarine Spiteful,I had il crazy idea di una 1/32 Spiteful when no kit del Spiteful ever existed e mi piaced questo type very much.
post-0592,Fokker V8,"If una triplane flies well, una quintuplane would fly even better, right? You wouldn't believe but such una concoction fu in effetti costruito e flown, lo made two brief flights in ottobre 1917, obviously its flght characteristics erano abysmal e il monstrosity fu put una bed."
post-0593,Fokker E IX,"Questo è una immaginario modello, I wanted una check how incredibly modern una monoplane Fokker DVIII would look like, e indeed lo does."
post-0594,Westland Lysander,"Il kit in questa scala è piuttosto insolito e notevole, ready per undercover operations, questo gives e aura di mystery!"
post-0599,Chevrolet Corvette C7R,Livrea Nice lines e.
post-0607,Dornier Do335 'Pfeil',Bel kit which allows una build both il single e twin seat versions.
post-0610,Grumman Ov-1A Mohawk,"sn2617 23 special warfare av detachment vietnam 1963, interessante soggetto per una 1/48 kit."
post-0623,Heinkel He170,"Magyar Királyi Honvéd Légierő 2.Palatabla Felderito Iskolszazad 1942.
I did all il 3 variations di questo bello piccolo kit."
post-0627,Convair F-102A Delta Dagger,"525 FIS, 86 FG 56-1264/FC-264 (Lt.Col. Charles W. Autolson Jr.) settembre 1960 - Bitburg AB DE unfortunately I missed il tail white underground."
post-0628,25 Pdr Field Gun & Quad Gun Tractor,"Intiguing kit con lots di display possibilities.
Il articulated trailer always fascinated me."
post-0629,Westland Wyvern,"WZ974 Number827 Sqn HMS Eagle 1955. Colorful Suez crisis insegne. Intrigante aereo linee e superbly motoreered kit, Trumpeter even provided il gears per contra-rotante elica movement."
post-0635,Consolidated B24 Liberator,Buon vecchio kit Airfix.
post-0640,Eurofighter EFA,"Immaginario prototipo livrea, il kit appeared before primo flght."
post-0641,Boeing Vertol CH-46 Sea Knight,"Marines livrea, unfortunately incompleto."
post-0642,Ford Galaxie Skyliner,"Sporting una retrattile hardtop in 1959!
Il complex leverages sono reproduced nel kit."
post-0645,BMW 320i Gr.5 Jägermeister,"Come corse nel 1977 DTM, il Jägermeister livery è always stunning."
post-0648,Ferrari 312 T3 F1,"1978 campionato di F1.
Rather basic kit."
post-0649,Lotus 49B,My primo grande scala kit by Tamiya.
post-0650,Alfa Romeo 155 V6 TI Martini,"Corse nel DTM 1995, nice powerful auto."
post-0651,ford Model T,"vecchio kit Airfix.
Costruito da Franco Donati."
post-0660,Fiat 500B Topolino,Piccolo kit grazioso:.
post-0661,Wild Willy Jr.,Grazioso buffa piccolo 4x4 kit.
post-0672,Dornier Do 27,Aircraft con bello clean linee. Insolito soggetto in questo grande scala.
post-0673,Hispano Aviacion HA220 Super Saeta,"Designed pst war in cooperation con Willy Messerschmitt.
#1/72 Hobby."
post-0675,Sherman tank 'Firefly',"Sherman autoro con improved british 17 pounder anti autoro gun.
Bello piccolo diorama included nel kit."
post-0679,Aichi D3 A1 Type 99 Bomber (Val),"Aircraft autorier Soryu Pearl Harbour 7 Dec 1941, bello colourful insegne."
post-0680,Martin Baker MB5,"Very avanzato di fine guerra figther prototipo, vac-form kit."
post-0684,U Boot UXXI,Bel kit con full interior. Questo U-boot has been preserved e lo è now una floating museum che can be visited in Bremerhaven Germany.
post-0686,Ford Fiesta RS,"Pilota: Ken Block, special decals bought online."
post-0689,Krupp Protze,Grazioso diorama con cobblestone street e telegraph pole included nel kit.
post-0690,Messerschmitt Me262 'Forward cockpit ' project,credo lo could have workerd very well.
post-0692,A34 Comet British Tank,With small diorama inclided nel kit.
post-0693,North American P51D Mustang,Unfortunately il bella chequered nose insegne erano not included nel decals del kit.
post-0702,Airbus A321,"Livrea speciale Austrian Airlines, 1996 Austrian Millenium.
Notevole decals del kit."
post-0706,Avro RJ-85,"Kit minuscolo, bell’aereo linee."
post-0714,Dornier Do217,Part di Airfix Mistel kit con Messerschmitt Me328.
post-0715,North American T2C Buckeye,"Livrea Unusual subject, nice."
post-0716,Focke Wulf FW 189,Buon vecchio kit Airfix.
post-0717,MISTEL 5 He 162 A-2 & Arado E 377a,"Intrigante kit, ora credo rather raro."
post-0719,Mazda RX7 Efini,"Bello piccolo kit da una interessante company.
#1/32 Owner Club."
post-0720,Martin B-57G Tropic Moon III,"Conversione da BAC Canberra kit Airfix, when no kit di questo versione fu available."
post-0725,Sukhoi Su 2 R,Rather insolito soggetto per un modello kit.
post-0731,Dornier Do 335 Pfeil,"4-blade elica added una check how lo would look like.
#1/48 Monogram."
post-0734,De Havilland DH88 Comet racer,Splendida livrea e very bello racer linee captured by il vecchio kit Airfix.
post-0737,Lockheed S3A Viking,Intrigante kit.
post-0751,Shin Meiwa PS-1,Livrea Nice airplane lines e nice.
post-0758,Brewster Buffalo F2A RAF,Piccolo kit grazioso e forma.
post-0773,Mercedes Benz CLK,"Livrea raced in DTM 2002, nice."
post-0776,Porsche 935 Kremer Vaillant,Pilota: Bob Wollek 1976 DRM (Deutsche Rennwagen Meistershchaft) Kremer Racing. Nice livery.
post-0781,Focke Wulf FW190 A8,As flown by Obltnt Josef Priller Stab JG26.
post-0782,Mercedes Unimog,Buffa piccolo 4x4 motorized kit.
post-0785,Focke Wulf FW190-D9,Radiator cowling re-done in balsa una improve original kit's forma.
post-0786,Messerschmitt Me262,"Rubber tires erano provided con il kit, still standing up una now."
post-0801,Pontiac Firebird Trans Am,"Anno modellolo 1985, beautiful auto, kit bought nel US."
post-0802,Pontiac Fiero,"Anno modellolo 1984, cute little kit, bought nel US."
post-0804,Suzuki Cappuccino,"grazioso piccolo kit, mi piace il detailed parte inferiore e il option di closed or open versione."
post-0811,Chevrolet Monte Carlo SS,"Sponsor Skoal Bandit pilota:Harry Gant, kit comprato nel US."
post-0812,Ford Thunderbird Stock Car Coors,"Come corse con Bill Elliott NASCAR championship 1984, kit bought nel US."
post-0820,Ford New Thunderbird,"2002 modello year.
Bel kit including hardtop."
post-0821,Slot car bodies 1/32 scale:,"- Ford Escort Castrol, conversione da kit Airfix, I corse una lot con lo all’epoca, uno dei primi conversions.
- Alpine Le Mans."
post-0828,Porsche 936-78,"mi piaced il aero concetto very much so I converted il Porsche 936/77 una 936/78, when no kit fu available. Then Tamiya came up con che very kit."
post-0829,Chevrolet Monte Carlo,"NASCAR 1998 championship, Goodwrench - pilota:Dale Earnhardt.
Bel kit con intricate inner detail."
post-0830,Supermarine Spitfire,"Balsa kit.
Modello di Franco Donati."
post-0831,Bell Hueycobra,"Interessante kit in questo grande scala, autocostruito IR exhaust suppression device."
post-0836,BMW M3 Group A,Livrea Nice.
post-0837,Benetton Ford B188,"Corse nel 1988 F1 championship.
Unfortunately not il correct green hue I'm afraid."
post-0847,Phoenix MAN Racing Truck,"Pilota: Gerd Körber.
Unfortunately il vinyl tires aged piuttosto badly.
Modello di Franco Donati."
post-0848,Supermarine Spitfire Mk1b,"Primo kit in una very grande scala per l’epoca, It fu una event per il modellolers'community.
Modello di Franco Donati."
post-0850,Lotus 72D driver Emerson Fittipaldi,"Worls campione in 1972. Possibly il best Formula 1 ever, corse da 1970 una 1975. 2 Pilota's Campionato del Mondos e 3 Constructor's World chamionships won. In 1975 she fu even still primo per una few laps in Monaco GP."
post-0862,North American A-5 Vigilante,unfortunately incompleto.
post-0863,Junkers Ju87 Stuka,As flown by Italian Regia Aeronautica.
post-0875,"Tyrrel 004 1971 F1 world champion, driver Jackie Stewart","bought in 1972, its price una quell’epoca fu 3.5 Euros!!
#1/12 'Tamiya."
post-0882,Chevrolet Camaro IROC-Z,"Notevole kit in enorme 1/8 scala, bella auto as well."
post-0887,Vought Corsair modified,mi piaced una know how una Corsair would have looked like con una avanzato cockpit una obviate visibility issues.
post-0888,Boeing X 32 JSF,"Il primo volo del X-32A (designed per CTOL e autorier trials) took place on 18 settembre 2000, da Boeing's Palmdale plant una Edwards Air Force Base."
post-0903,Mitsubishi Ki-109 gun carrier,"Bel kit, il fusoliera fu moulded in clear plastic una show il interior."
post-0917,Arado Ar440,Conversione da Ar 240 kit Revell.
post-0922,Grumman F7F Tigercat,I wanted una check how il aereo con una bubble tettuccio would look like....
post-0928,Consolidated Vultee Vegeance MkII,Bello insolito soggetto per un kit.
post-0929,Grumman F9F-5 Cougar,Conversione da Panther una Cougar when no Cougar kit fu available.
post-0932,Douglas F3D-2 Skyknight,"VMF(N) 513 USMC South Korea agosto 1953, bello soggetto per un modello kit."
post-0936,Chevrolet Corvette 1985,Notevole kit in enorme scala.
post-0945,Fokker Dr1,"As flown by il famous 'Red Baron', Manfred von Richthofen."
post-0951,Focke Wilf Triebflügel,"Progetto di vertical take off e landing jet figther, doubtful lo would have worked."
post-0952,Dornier Do335 B,"Progetto di night figther versione di do 335, Buon vecchio Frog kit."
post-0953,Junkers EF128,"Progetto di una single motored jet figther in 1944 Modello done at una time when no kit fu yet available, very interessante aerodynamic concetto."
post-0954,Supermarine Spiteful,Conversione done when no Spiteful kit fu available.
post-0956,Messerschmitt Me163C,"Evolution progetto del Me162B but still con most if il inherent limitations in terms di gamma, but still mi piace il teardrop tettuccio very much."
post-0957,Blohm&Voss P211.02,"B&W progetto submitted per il Volksjäger competition in settembre 1944, very interessante progetto could bave been superior unal actual vincitrice He 162."
post-0958,Focke Wulf Ta183,"progetto di una single motored jet figther 1944, very avanzato aerodynamics per l’epoca, even if il T-tail could have given problems."
post-0960,Messerschmitt Me262 B1a,"Conversione una night figther dal kit Airfix, antennas unfortunately gone after all questo time."
post-0961,Manned V2 project,"It would have taken il poor pilota piuttosto some guts una fly questo thing.
#1/72 Hobby."
post-0962,Messerscmitt Me110G night fighter,Conversione da kit Airfix.
